seed,A2,A10,A30,A40,E_total_temporal_mean
0,-0.4986,0.057142,-0.004203,0.109249,0.132135
1,0.698432,0.002947,0.070016,-0.186952,0.264064
2,0.67656,0.039429,-0.057174,-0.161307,0.245179
3,0.093226,-0.028762,-0.000372,0.007766,0.004791
4,-0.414526,0.039687,-0.057702,0.069881,0.091009
5,-0.001561,0.009967,0.031118,0.007973,0.000586
6,0.677239,-0.091817,0.178401,-0.132111,0.261771
7,0.682785,-0.061399,0.072041,-0.14691,0.248432
8,0.13107,-0.00695,-0.030815,-0.025732,0.009424
9,-0.011959,-0.035443,-0.008756,0.01517,0.000856
10,0.085913,-0.055096,0.033064,-0.0129,0.005838
11,0.681879,0.075688,-0.076487,-0.220845,0.262909
12,0.599379,-0.014934,-0.045571,-0.069086,0.183204
13,0.673401,-0.014766,0.120498,-0.131176,0.242978
14,0.097111,0.027783,0.041838,-0.020766,0.006197
mean,0.278023,-0.003768,0.017726,-0.05985,0.040621
