point_id,study,Re,E_star,AR,lambda_var,lambda_b,seed,E_r,f_2,f_t,A_2,C_3,eps,branch_id,label_beh,dominant_i,dominant_j,E_total,basis_type
re1000_e0.1,phase1_re_estarmap,1000,0.1,1.0,1.0,0.0,0,0.1198878335555686,0.7960823219851423,0.07183746749797874,-0.4368994962567142,0.9314010706537268,1.02093057732665e-16,1,B1_Mode2,1,0,0.1198878335555686,fourier
re1000_e0.1,phase1_re_estarmap,1000,0.1,1.0,1.0,0.0,1,0.12240178916385734,0.9030156197027424,0.0061876390175622745,0.4701717292533124,0.9885170083146273,9.684418048820439e-17,1,B1_Mode2,1,0,0.12240178916385734,fourier
re1000_e0.1,phase1_re_estarmap,1000,0.1,1.0,1.0,0.0,2,0.125274189559445,0.8974758724433782,0.004361100490294741,0.4741952394731521,0.9940849046635205,1.0061633356193295e-16,1,B1_Mode2,1,0,0.125274189559445,fourier
re1000_e0.1,phase1_re_estarmap,1000,0.1,1.0,1.0,0.0,3,0.12160874749679969,0.049209896700925265,0.9484596436170963,0.10940158958851025,0.9926111999561036,1.3256180321802637e-16,2,B2_temporal,0,1,0.12160874749679969,fourier
re1000_e0.1,phase1_re_estarmap,1000,0.1,1.0,1.0,0.0,4,0.1252535012565306,0.08322858270788024,0.9163726287175523,0.14439301498881957,0.9933627685523786,1.1974850258975053e-16,2,B2_temporal,0,1,0.1252535012565306,fourier
re1000_e0.25,phase1_re_estarmap,1000,0.25,1.0,1.0,0.0,0,0.24023392160360063,0.4358568166429,0.5157763426697022,-0.45761903876430965,0.9102901196002242,1.9088413631226844e-16,3,B3_mixed,1,0,0.24023392160360063,fourier
re1000_e0.25,phase1_re_estarmap,1000,0.25,1.0,1.0,0.0,1,0.26577235324687204,0.9364021703006624,0.027107587676507172,0.705506638361802,0.9833354503859203,1.4721239124721216e-16,1,B1_Mode2,1,0,0.26577235324687204,fourier
re1000_e0.25,phase1_re_estarmap,1000,0.25,1.0,1.0,0.0,2,0.2641202799460256,0.9219588850519866,0.0060777544940156325,0.6978653721437342,0.9896609640592741,1.5497700209715827e-16,1,B1_Mode2,1,0,0.2641202799460256,fourier
re1000_e0.25,phase1_re_estarmap,1000,0.25,1.0,1.0,0.0,3,0.26361999472529907,0.03174133320850781,0.9659000331101995,0.12936498825417014,0.9940251206465462,1.6802277539677045e-16,2,B2_temporal,0,1,0.26361999472529907,fourier
re1000_e0.25,phase1_re_estarmap,1000,0.25,1.0,1.0,0.0,4,0.2636872627012806,0.038638716042688814,0.9608426610884531,0.14274829083101956,0.9905622186667915,1.7216208444542592e-16,2,B2_temporal,0,1,0.2636872627012806,fourier
re1000_e0.5,phase1_re_estarmap,1000,0.5,1.0,1.0,0.0,0,0.4612524248079108,0.34554078354916645,0.6300302669891388,-0.5645910454161994,0.9039812068182496,2.1264516550207954e-16,3,B3_mixed,0,1,0.4612524248079108,fourier
re1000_e0.5,phase1_re_estarmap,1000,0.5,1.0,1.0,0.0,1,0.5163353921134398,0.9529618927370006,0.03679576698348999,0.9920160810748231,0.9925797484598647,2.350629538141752e-16,1,B1_Mode2,1,0,0.5163353921134398,fourier
re1000_e0.5,phase1_re_estarmap,1000,0.5,1.0,1.0,0.0,2,0.5125233301759352,0.9489966516573299,0.012698399637234438,0.9862889274783802,0.983594623881792,2.085062059606949e-16,1,B1_Mode2,1,0,0.5125233301759352,fourier
re1000_e0.5,phase1_re_estarmap,1000,0.5,1.0,1.0,0.0,3,0.5155795965771409,0.015952502648937363,0.9814058986319707,0.12825587612374645,0.9929725957729575,2.7031809747231953e-16,2,B2_temporal,0,1,0.5155795965771409,fourier
re1000_e0.5,phase1_re_estarmap,1000,0.5,1.0,1.0,0.0,4,0.49650104380512444,0.002945480957922401,0.9965200800066296,-0.05408205562137205,0.9834309467164369,2.2246032012045907e-16,2,B2_temporal,0,1,0.49650104380512444,fourier
re1000_e1,phase1_re_estarmap,1000,1.0,1.0,1.0,0.0,0,0.8873212338197114,0.0022829713016350654,0.10587073230495835,0.06365106302555863,0.8709282096374914,2.8502785798127734e-16,3,B3_mixed,2,0,0.8873212338197114,fourier
re1000_e1,phase1_re_estarmap,1000,1.0,1.0,1.0,0.0,1,1.031544134761131,0.9619079827988996,0.01968657188217766,1.4087232076146936,0.9854904918018675,3.3496361231630014e-16,1,B1_Mode2,1,0,1.031544134761131,fourier
re1000_e1,phase1_re_estarmap,1000,1.0,1.0,1.0,0.0,10,1.0634055285520774,0.19434012010134227,0.47151377504706327,-0.6429033490894912,0.7258867419417229,3.2887406040640015e-16,3,B3_mixed,1,1,1.0634055285520774,fourier
re1000_e1,phase1_re_estarmap,1000,1.0,1.0,1.0,0.0,11,0.9713227560237374,0.21546588815714057,0.37121276223980587,-0.6469728283535502,0.7093952361512558,2.905590105320076e-16,3,B3_mixed,2,0,0.9713227560237374,fourier
re1000_e1,phase1_re_estarmap,1000,1.0,1.0,1.0,0.0,12,0.9710409873822505,0.00025397339435482175,0.9889894055571954,-0.022208943046580484,0.9797718597939341,3.514119491500795e-16,2,B2_temporal,0,1,0.9710409873822505,fourier
re1000_e1,phase1_re_estarmap,1000,1.0,1.0,1.0,0.0,13,0.9868065318854757,0.9490486942988108,0.023063972798479288,1.3685959598153492,0.9845514967805548,3.2640253302785126e-16,1,B1_Mode2,1,0,0.9868065318854757,fourier
re1000_e1,phase1_re_estarmap,1000,1.0,1.0,1.0,0.0,14,0.9861407113146503,0.6814558160979889,0.15400685313071,1.1593199068560638,0.8347377877656683,2.9120725652109915e-16,1,B1_Mode2,1,0,0.9861407113146503,fourier
re1000_e1,phase1_re_estarmap,1000,1.0,1.0,1.0,0.0,15,1.03862039468534,0.8016568224925438,0.14587498843703234,1.290439557189256,0.9166611719904632,3.408357709105433e-16,1,B1_Mode2,1,0,1.03862039468534,fourier
re1000_e1,phase1_re_estarmap,1000,1.0,1.0,1.0,0.0,16,0.9793124540066181,0.8306298558397631,0.10371433154679809,1.2754968933663475,0.9129961357784389,2.909407487673114e-16,1,B1_Mode2,1,0,0.9793124540066181,fourier
re1000_e1,phase1_re_estarmap,1000,1.0,1.0,1.0,0.0,17,0.9863082972192317,0.6172579070086968,0.314584909971333,-1.1034551148160532,0.8535241164410866,3.454854357787403e-16,3,B3_mixed,1,0,0.9863082972192317,fourier
re1000_e1,phase1_re_estarmap,1000,1.0,1.0,1.0,0.0,18,1.0185195647982814,0.9739341495166413,0.010091740688648926,-1.4085247503028648,0.9921094383601834,2.9305088866013576e-16,1,B1_Mode2,1,0,1.0185195647982814,fourier
re1000_e1,phase1_re_estarmap,1000,1.0,1.0,1.0,0.0,19,0.9927039877022193,0.6988016810815405,0.2649494515492805,-1.177882180375151,0.8943981093251718,3.249518606219405e-16,1,B1_Mode2,1,0,0.9927039877022193,fourier
re1000_e1,phase1_re_estarmap,1000,1.0,1.0,1.0,0.0,2,1.0233997098471066,0.931431259768882,0.055805467787233144,1.3807436264491673,0.9634802521341805,3.3453105065096244e-16,1,B1_Mode2,1,0,1.0233997098471066,fourier
re1000_e1,phase1_re_estarmap,1000,1.0,1.0,1.0,0.0,3,0.9716031639646436,0.005716213724375003,0.99077831719665,0.10539346602613345,0.9839966339282495,3.383803184068068e-16,2,B2_temporal,0,1,0.9716031639646436,fourier
re1000_e1,phase1_re_estarmap,1000,1.0,1.0,1.0,0.0,4,0.9660651486653911,0.019726934457357907,0.9796166469945576,-0.19523065266120426,0.9590068140974412,3.367458138217655e-16,2,B2_temporal,0,1,0.9660651486653911,fourier
re1000_e1,phase1_re_estarmap,1000,1.0,1.0,1.0,0.0,5,0.9885575245294065,0.6497546834845985,0.22763283067139442,1.1334194999707061,0.7970393688669429,3.003902052038922e-16,1,B1_Mode2,1,0,0.9885575245294065,fourier
re1000_e1,phase1_re_estarmap,1000,1.0,1.0,1.0,0.0,6,0.9984626559132547,0.9184901455590245,0.03809311309557255,1.3543102378443541,0.955841387126274,3.1310956152032637e-16,1,B1_Mode2,1,0,0.9984626559132547,fourier
re1000_e1,phase1_re_estarmap,1000,1.0,1.0,1.0,0.0,7,0.9726758845028187,0.9433421373342182,0.02098118478389886,1.354670548746329,0.9755392125871875,2.9205243640357765e-16,1,B1_Mode2,1,0,0.9726758845028187,fourier
re1000_e1,phase1_re_estarmap,1000,1.0,1.0,1.0,0.0,8,0.9441719531169349,0.13495365894426714,0.5391022998539292,0.5048157282527663,0.6472902659723205,3.0233296978257296e-16,2,B2_temporal,0,1,0.9441719531169349,fourier
re1000_e1,phase1_re_estarmap,1000,1.0,1.0,1.0,0.0,9,1.0105153121522046,0.47707939740780725,0.347939277218925,0.981932824782771,0.7167108614533843,3.111895072036812e-16,3,B3_mixed,1,0,1.0105153121522046,fourier
re1000_e2,phase1_re_estarmap,1000,2.0,1.0,1.0,0.0,0,1.8091559300020792,0.015759460439723767,0.1285834643513386,0.23879414275965577,0.8868793598212923,4.454711324077572e-16,3,B3_mixed,2,0,1.8091559300020792,fourier
re1000_e2,phase1_re_estarmap,1000,2.0,1.0,1.0,0.0,1,2.044961169652163,0.9364599127597916,0.042745915183805896,1.9570509234711424,0.9718595469461069,4.0640935326734517e-16,1,B1_Mode2,1,0,2.044961169652163,fourier
re1000_e2,phase1_re_estarmap,1000,2.0,1.0,1.0,0.0,2,1.9341492802603084,0.5544639696761412,0.11705749132533189,1.46452455621569,0.882434779373812,4.2067355611250804e-16,1,B1_Mode2,1,0,1.9341492802603084,fourier
re1000_e2,phase1_re_estarmap,1000,2.0,1.0,1.0,0.0,3,1.9414250657555676,0.011754071445227625,0.9695801988550596,-0.213633559762724,0.9678012186621148,4.389749041869356e-16,2,B2_temporal,0,1,1.9414250657555676,fourier
re1000_e2,phase1_re_estarmap,1000,2.0,1.0,1.0,0.0,4,1.9381533499037231,0.1640001211408759,0.8348732006841474,0.7973172319394646,0.9424668571477405,4.4120784249268545e-16,2,B2_temporal,0,1,1.9381533499037231,fourier
re100_e0.1,phase1_re_estarmap,100,0.1,1.0,1.0,0.0,0,0.10995281880296782,0.01634720766362672,0.9793951939240072,-0.05995701063550843,0.9781186039909759,1.1063635751537242e-16,2,B2_temporal,0,1,0.10995281880296782,fourier
re100_e0.1,phase1_re_estarmap,100,0.1,1.0,1.0,0.0,1,0.11143475213256511,0.004744328781455546,0.9949254499839846,-0.03251716782860689,0.9885390478659591,1.12100196659526e-16,2,B2_temporal,0,1,0.11143475213256511,fourier
re100_e0.1,phase1_re_estarmap,100,0.1,1.0,1.0,0.0,2,0.11290731015251064,0.36264548607202096,0.6181916776892652,0.2861654289789095,0.9656416632100849,1.1288471404565857e-16,3,B3_mixed,0,1,0.11290731015251064,fourier
re100_e0.1,phase1_re_estarmap,100,0.1,1.0,1.0,0.0,3,0.12540934005513235,0.006792338418907996,0.9909591824545854,0.04127523903132174,0.992691730369096,1.1327018018945296e-16,2,B2_temporal,0,1,0.12540934005513235,fourier
re100_e0.1,phase1_re_estarmap,100,0.1,1.0,1.0,0.0,4,0.11944213428367147,1.2630803661858612e-05,0.9992288710822028,0.001737037792962724,0.9953915981331841,1.1289796915179885e-16,2,B2_temporal,0,1,0.11944213428367147,fourier
re100_e0.25,phase1_re_estarmap,100,0.25,1.0,1.0,0.0,0,0.23712213607932345,0.0067694783496833775,0.9901480963143594,-0.05666027120336887,0.9795537824746955,1.659356813405401e-16,2,B2_temporal,0,1,0.23712213607932345,fourier
re100_e0.25,phase1_re_estarmap,100,0.25,1.0,1.0,0.0,1,0.23990386734639035,0.011074241683334894,0.9875226455571443,-0.07289380505585699,0.9861406934345451,1.5993368523043573e-16,2,B2_temporal,0,1,0.23990386734639035,fourier
re100_e0.25,phase1_re_estarmap,100,0.25,1.0,1.0,0.0,2,0.24520148204094636,0.47690094602565786,0.497738951528397,0.4836048361053075,0.9532135773286204,1.9527935707717167e-16,3,B3_mixed,1,0,0.24520148204094636,fourier
re100_e0.25,phase1_re_estarmap,100,0.25,1.0,1.0,0.0,3,0.2669152894077959,0.03498102739107424,0.9626284450568663,0.1366526329777119,0.9932698544869938,1.6387335027004447e-16,2,B2_temporal,0,1,0.2669152894077959,fourier
re100_e0.25,phase1_re_estarmap,100,0.25,1.0,1.0,0.0,4,0.2561799870087756,4.352035480994711e-06,0.9998748179043729,0.0014932544277402667,0.9926401629284396,1.6526852371029206e-16,2,B2_temporal,0,1,0.2561799870087756,fourier
re100_e0.5,phase1_re_estarmap,100,0.5,1.0,1.0,0.0,0,0.46279775433336345,0.00010867805981428707,0.9969028031231421,-0.010029552535119302,0.9814715584684687,2.268711179593009e-16,2,B2_temporal,0,1,0.46279775433336345,fourier
re100_e0.5,phase1_re_estarmap,100,0.5,1.0,1.0,0.0,1,0.4675152962879406,0.03003280091419591,0.966210904057118,-0.16757561766412818,0.964600851736835,2.641728429571085e-16,2,B2_temporal,0,1,0.4675152962879406,fourier
re100_e0.5,phase1_re_estarmap,100,0.5,1.0,1.0,0.0,2,0.4954648770647409,0.7940427505890044,0.1527542622633957,0.8870403528642086,0.9663170269526751,2.278433084119637e-16,1,B1_Mode2,1,0,0.4954648770647409,fourier
re100_e0.5,phase1_re_estarmap,100,0.5,1.0,1.0,0.0,3,0.4906786687608962,0.918197409993569,0.005112122976211609,0.9492522138982319,0.9923041081144587,2.2487950236571513e-16,1,B1_Mode2,1,0,0.4906786687608962,fourier
re100_e0.5,phase1_re_estarmap,100,0.5,1.0,1.0,0.0,4,0.49315055998875157,0.005572932172153927,0.9938228831859648,-0.07413898598547243,0.9838127413781537,3.2851862822692843e-16,2,B2_temporal,0,1,0.49315055998875157,fourier
re100_e1,phase1_re_estarmap,100,1.0,1.0,1.0,0.0,0,0.9126890298320957,0.047020770247955264,0.9459043692772526,-0.2929687395595788,0.9289149762786255,3.292179334607955e-16,2,B2_temporal,0,1,0.9126890298320957,fourier
re100_e1,phase1_re_estarmap,100,1.0,1.0,1.0,0.0,1,0.9212740902225711,0.14902830156861333,0.8426244164343762,-0.5240151008225606,0.9417087316712194,3.090866417592505e-16,2,B2_temporal,0,1,0.9212740902225711,fourier
re100_e1,phase1_re_estarmap,100,1.0,1.0,1.0,0.0,2,1.0114888204496144,0.8874802048711629,0.0484744041617696,1.3399076875647178,0.9809465422810548,3.333842904377851e-16,1,B1_Mode2,1,0,1.0114888204496144,fourier
re100_e1,phase1_re_estarmap,100,1.0,1.0,1.0,0.0,3,0.9828584323772356,0.9121462271639627,0.0015555014179809397,1.3390374236212983,0.9937082888389324,2.9039892227276225e-16,1,B1_Mode2,1,0,0.9828584323772356,fourier
re100_e1,phase1_re_estarmap,100,1.0,1.0,1.0,0.0,4,0.9809893262738211,0.0010103462691639484,0.9984947904166758,-0.044522778572106445,0.9885330923319248,3.261004559345932e-16,2,B2_temporal,0,1,0.9809893262738211,fourier
re100_e2,phase1_re_estarmap,100,2.0,1.0,1.0,0.0,0,1.883245247544598,0.2282827357968578,0.5616582329055925,-0.9272673587330803,0.6554388859599369,4.714501141722437e-16,2,B2_temporal,1,1,1.883245247544598,fourier
re100_e2,phase1_re_estarmap,100,2.0,1.0,1.0,0.0,1,1.8983450442098873,0.5706555518018548,0.28132424302019965,-1.471938272288556,0.7805899990607171,4.547025198528793e-16,1,B1_Mode2,1,0,1.8983450442098873,fourier
re100_e2,phase1_re_estarmap,100,2.0,1.0,1.0,0.0,2,1.986546011680112,0.8443132729502874,0.04265848509604346,1.8315387874615023,0.9387190554158743,4.2178843311596097e-16,1,B1_Mode2,1,0,1.986546011680112,fourier
re100_e2,phase1_re_estarmap,100,2.0,1.0,1.0,0.0,3,1.8947608925138448,0.8842053120849344,0.011116640071834324,1.830495914385789,0.9821299801221338,4.183192246393104e-16,1,B1_Mode2,1,0,1.8947608925138448,fourier
re100_e2,phase1_re_estarmap,100,2.0,1.0,1.0,0.0,4,1.8634760918797717,0.13549584466061368,0.6232297540022563,-0.7106240455741827,0.690245261049549,4.4781749200623e-16,2,B2_temporal,0,1,1.8634760918797717,fourier
re300_e0.1,phase1_re_estarmap,300,0.1,1.0,1.0,0.0,0,0.10857757016227222,0.08974430264613296,0.9053038674112754,-0.13960099080754904,0.9768211789217891,1.102505111977194e-16,2,B2_temporal,0,1,0.10857757016227222,fourier
re300_e0.1,phase1_re_estarmap,300,0.1,1.0,1.0,0.0,1,0.12276995860097449,0.890092977027381,0.011719187457039367,0.4674969046756774,0.9841639367649854,1.0844296084594911e-16,1,B1_Mode2,1,0,0.12276995860097449,fourier
re300_e0.1,phase1_re_estarmap,300,0.1,1.0,1.0,0.0,2,0.12031745294060744,0.8779404219977455,0.04262801017920131,0.45963367023831225,0.9809093772388978,1.0042282944703493e-16,1,B1_Mode2,1,0,0.12031745294060744,fourier
re300_e0.1,phase1_re_estarmap,300,0.1,1.0,1.0,0.0,3,0.12411493305985416,0.20560095821785837,0.791610467838618,0.225912147377034,0.9921781855805564,1.154612439626937e-16,2,B2_temporal,0,1,0.12411493305985416,fourier
re300_e0.1,phase1_re_estarmap,300,0.1,1.0,1.0,0.0,4,0.11735207294468587,0.0912802972091408,0.9013904461930464,-0.1463689317888171,0.9655314823920883,1.1005205434279051e-16,2,B2_temporal,0,1,0.11735207294468587,fourier
re300_e0.25,phase1_re_estarmap,300,0.25,1.0,1.0,0.0,0,0.23335326189106617,0.061818440043221366,0.9325274807618579,-0.16985602508655975,0.9704314216049696,1.5366645068061177e-16,2,B2_temporal,0,1,0.23335326189106617,fourier
re300_e0.25,phase1_re_estarmap,300,0.25,1.0,1.0,0.0,1,0.24254077257174242,0.5101312521568665,0.45336031043289277,-0.4974487471310321,0.9346684981216249,1.652444068837394e-16,3,B3_mixed,1,0,0.24254077257174242,fourier
re300_e0.25,phase1_re_estarmap,300,0.25,1.0,1.0,0.0,2,0.25543942386211343,0.8269984305428982,0.1294029145329412,0.6499969271200441,0.9620483812154081,1.6535425695452528e-16,1,B1_Mode2,1,0,0.25543942386211343,fourier
re300_e0.25,phase1_re_estarmap,300,0.25,1.0,1.0,0.0,3,0.2650293909661161,0.15889140224366252,0.8382212888249753,0.29020989496014793,0.9938196523953903,1.7208282469166865e-16,2,B2_temporal,0,1,0.2650293909661161,fourier
re300_e0.25,phase1_re_estarmap,300,0.25,1.0,1.0,0.0,4,0.2509644739003373,0.19968286484397008,0.7773779249164872,-0.31658586551670026,0.9256958601949719,1.6565879815121884e-16,2,B2_temporal,0,1,0.2509644739003373,fourier
re300_e0.5,phase1_re_estarmap,300,0.5,1.0,1.0,0.0,0,0.45613198002158034,0.05264204372687841,0.9426389376328789,-0.2191425090552888,0.9435551385265043,2.2829944470066804e-16,2,B2_temporal,0,1,0.45613198002158034,fourier
re300_e0.5,phase1_re_estarmap,300,0.5,1.0,1.0,0.0,1,0.47929575069551167,0.7382784791089665,0.24387704291387605,-0.8412535145446618,0.942936847290831,2.2849957593476077e-16,1,B1_Mode2,1,0,0.47929575069551167,fourier
re300_e0.5,phase1_re_estarmap,300,0.5,1.0,1.0,0.0,2,0.4992658131699753,0.8760858597777399,0.09632528466978803,0.9353071358528708,0.9681807543266411,2.3313550791507356e-16,1,B1_Mode2,1,0,0.4992658131699753,fourier
re300_e0.5,phase1_re_estarmap,300,0.5,1.0,1.0,0.0,3,0.5097549325111931,0.16039738547030613,0.8365720004776166,0.4043843676637061,0.9810995730549141,2.716709414953035e-16,2,B2_temporal,0,1,0.5097549325111931,fourier
re300_e0.5,phase1_re_estarmap,300,0.5,1.0,1.0,0.0,4,0.487557331663535,0.09528062863337126,0.8932661190876122,-0.3048106594452061,0.9223811414298237,2.40851046227447e-16,2,B2_temporal,0,1,0.487557331663535,fourier
re300_e1,phase1_re_estarmap,300,1.0,1.0,1.0,0.0,0,0.903092947546415,0.2773902172095092,0.7089511973354883,-0.707826460200911,0.9025177371418462,3.125604593392177e-16,2,B2_temporal,0,1,0.903092947546415,fourier
re300_e1,phase1_re_estarmap,300,1.0,1.0,1.0,0.0,1,0.9300723548402476,0.6277720786689167,0.36008485879788976,-1.080623390002786,0.9256037185932905,2.865604807026246e-16,3,B3_mixed,1,0,0.9300723548402476,fourier
re300_e1,phase1_re_estarmap,300,1.0,1.0,1.0,0.0,2,0.9930279122426866,0.8940846245749553,0.0659751707225952,1.3325546803864778,0.9605794391797767,2.9600444121345663e-16,1,B1_Mode2,1,0,0.9930279122426866,fourier
re300_e1,phase1_re_estarmap,300,1.0,1.0,1.0,0.0,3,0.9856953308588849,0.8704953483767024,0.06548350116710455,1.3099948094777276,0.9402170801318007,3.457874921832547e-16,1,B1_Mode2,1,0,0.9856953308588849,fourier
re300_e1,phase1_re_estarmap,300,1.0,1.0,1.0,0.0,4,0.9660931977679696,0.042020200357935675,0.953937045873185,-0.28494009803693426,0.9488420818157347,3.220187289873956e-16,2,B2_temporal,0,1,0.9660931977679696,fourier
re300_e2,phase1_re_estarmap,300,2.0,1.0,1.0,0.0,0,1.8000642715589863,0.18842775987371532,0.7720968537170443,-0.8236286521467924,0.8175006035015185,4.598588501443545e-16,2,B2_temporal,0,1,1.8000642715589863,fourier
re300_e2,phase1_re_estarmap,300,2.0,1.0,1.0,0.0,1,1.9683920740263836,0.23062131589724055,0.5520977110261119,-0.9528411938131801,0.5918580621242152,4.657395859095719e-16,2,B2_temporal,1,0,1.9683920740263836,fourier
re300_e2,phase1_re_estarmap,300,2.0,1.0,1.0,0.0,2,1.9719323347971793,0.7382901925162626,0.07881653054038135,1.7063752829236907,0.8861917403063655,4.1609137862570567e-16,1,B1_Mode2,1,0,1.9719323347971793,fourier
re300_e2,phase1_re_estarmap,300,2.0,1.0,1.0,0.0,3,1.9095100285806963,0.6693132205496299,0.2216870524087684,1.5987872321864232,0.8273405455669627,4.316537177842237e-16,1,B1_Mode2,1,0,1.9095100285806963,fourier
re300_e2,phase1_re_estarmap,300,2.0,1.0,1.0,0.0,4,1.8667388686501714,0.20233531324244836,0.6591363490019033,-0.8691457803270819,0.7961914172277892,4.498889680840548e-16,2,B2_temporal,0,1,1.8667388686501714,fourier
re500_e0.1,phase1_re_estarmap,500,0.1,1.0,1.0,0.0,0,0.12195393413448265,0.8446090699471358,0.035653661691801536,-0.4538797172946146,0.9554889657564675,1.0157017148597566e-16,1,B1_Mode2,1,0,0.12195393413448265,fourier
re500_e0.1,phase1_re_estarmap,500,0.1,1.0,1.0,0.0,1,0.1230089919051632,0.887264442260108,0.0071441013484215094,0.4672076724449477,0.9875963233727635,1.0162590378094406e-16,1,B1_Mode2,1,0,0.1230089919051632,fourier
re500_e0.1,phase1_re_estarmap,500,0.1,1.0,1.0,0.0,2,0.1214594045739751,0.8836210134602595,0.01796425250274562,0.4633013752708609,0.9784954283450708,1.0282406445562361e-16,1,B1_Mode2,1,0,0.1214594045739751,fourier
re500_e0.1,phase1_re_estarmap,500,0.1,1.0,1.0,0.0,3,0.12600744215471915,0.01666395397410517,0.9793471014708359,0.06480404642398435,0.9867705836333365,1.2178173888562507e-16,2,B2_temporal,0,1,0.12600744215471915,fourier
re500_e0.1,phase1_re_estarmap,500,0.1,1.0,1.0,0.0,4,0.11633205264701309,0.6509605797780326,0.31231124693834933,-0.3891724050799806,0.9640872346589734,1.1469384743812862e-16,1,B1_Mode2,1,0,0.11633205264701309,fourier
re500_e0.25,phase1_re_estarmap,500,0.25,1.0,1.0,0.0,0,0.2397790863784172,0.5197384058346474,0.44818351205858203,-0.49924422902384513,0.9414374141029992,1.5957422611161277e-16,3,B3_mixed,1,0,0.2397790863784172,fourier
re500_e0.25,phase1_re_estarmap,500,0.25,1.0,1.0,0.0,1,0.2673907959861444,0.9112083368595739,0.01325734351702728,0.6980669344727514,0.9858681641655237,1.670519942413103e-16,1,B1_Mode2,1,0,0.2673907959861444,fourier
re500_e0.25,phase1_re_estarmap,500,0.25,1.0,1.0,0.0,10,0.29341223937962935,0.012608026658289981,0.9794438792902297,0.08601568852211704,0.973808054213684,1.902436423995637e-16,2,B2_temporal,0,1,0.29341223937962935,fourier
re500_e0.25,phase1_re_estarmap,500,0.25,1.0,1.0,0.0,11,0.26680399830556456,0.8706004177652995,0.014995751500610563,0.6815859041768348,0.9733341010174454,1.4858501997672715e-16,1,B1_Mode2,1,0,0.26680399830556456,fourier
re500_e0.25,phase1_re_estarmap,500,0.25,1.0,1.0,0.0,12,0.23806584483358595,0.7555423902359697,0.22920900743615086,0.5997813558941508,0.9780914241004981,1.5033421943647317e-16,1,B1_Mode2,1,0,0.23806584483358595,fourier
re500_e0.25,phase1_re_estarmap,500,0.25,1.0,1.0,0.0,13,0.2557005511413486,0.8862939275604115,0.049805163990369106,0.6732396983993557,0.9486455447942734,1.6912831176136859e-16,1,B1_Mode2,1,0,0.2557005511413486,fourier
re500_e0.25,phase1_re_estarmap,500,0.25,1.0,1.0,0.0,14,0.24976408865988164,0.019012611531400665,0.9753711794242712,0.09745427227356063,0.978128927276772,1.715252647342335e-16,2,B2_temporal,0,1,0.24976408865988164,fourier
re500_e0.25,phase1_re_estarmap,500,0.25,1.0,1.0,0.0,2,0.2571428225407909,0.8900072382117815,0.046500589973682775,0.6765485545258545,0.96405968499799,1.472690652914972e-16,1,B1_Mode2,1,0,0.2571428225407909,fourier
re500_e0.25,phase1_re_estarmap,500,0.25,1.0,1.0,0.0,3,0.2680492003360612,0.016167606315366685,0.9817392035407254,0.09309902195170788,0.99142635678218,1.6343445241449042e-16,2,B2_temporal,0,1,0.2680492003360612,fourier
re500_e0.25,phase1_re_estarmap,500,0.25,1.0,1.0,0.0,4,0.25005488146467353,0.34311455841158095,0.6372618676384598,-0.41424019658263894,0.9453375650535547,1.7657889169114357e-16,3,B3_mixed,0,1,0.25005488146467353,fourier
re500_e0.25,phase1_re_estarmap,500,0.25,1.0,1.0,0.0,5,0.24528839951515702,4.163714807669706e-06,0.9976833193414727,-0.001429203233421239,0.9909638611140638,1.5675036989536003e-16,2,B2_temporal,0,1,0.24528839951515702,fourier
re500_e0.25,phase1_re_estarmap,500,0.25,1.0,1.0,0.0,6,0.26425312232597764,0.8676499494036684,0.009500161977007102,0.6771694148673519,0.9609709314124376,1.4786208992723778e-16,1,B1_Mode2,1,0,0.26425312232597764,fourier
re500_e0.25,phase1_re_estarmap,500,0.25,1.0,1.0,0.0,7,0.25074650259701703,0.9296377314721604,0.009019476863488375,0.6827933945914666,0.9832508326816891,1.4655426643088635e-16,1,B1_Mode2,1,0,0.25074650259701703,fourier
re500_e0.25,phase1_re_estarmap,500,0.25,1.0,1.0,0.0,8,0.25095904199586017,0.034072157147433814,0.9625302914286833,0.13077244294156465,0.9791129324467139,1.8179964910228813e-16,2,B2_temporal,0,1,0.25095904199586017,fourier
re500_e0.25,phase1_re_estarmap,500,0.25,1.0,1.0,0.0,9,0.2648087990449823,0.0002453952882463354,0.996271275421498,-0.011400248380786213,0.989388776303099,1.6624877830756772e-16,2,B2_temporal,0,1,0.2648087990449823,fourier
re500_e0.5,phase1_re_estarmap,500,0.5,1.0,1.0,0.0,0,0.4529077895961979,0.22228110473337157,0.7649349673579728,-0.4487155977092668,0.934560675960013,2.490629964491202e-16,2,B2_temporal,0,1,0.4529077895961979,fourier
re500_e0.5,phase1_re_estarmap,500,0.5,1.0,1.0,0.0,1,0.5161933571754659,0.9245964853844558,0.025358406911248563,0.9770062065547371,0.9737864653114948,2.2585384986176737e-16,1,B1_Mode2,1,0,0.5161933571754659,fourier
re500_e0.5,phase1_re_estarmap,500,0.5,1.0,1.0,0.0,2,0.5035725659536489,0.9254676669529855,0.04287633234416347,0.9654430358697005,0.972357462287401,2.261952894971209e-16,1,B1_Mode2,1,0,0.5035725659536489,fourier
re500_e0.5,phase1_re_estarmap,500,0.5,1.0,1.0,0.0,3,0.5181453323708554,0.07033011678485611,0.9266917420996851,0.26996748595773656,0.9863359163918978,2.731802955117312e-16,2,B2_temporal,0,1,0.5181453323708554,fourier
re500_e0.5,phase1_re_estarmap,500,0.5,1.0,1.0,0.0,4,0.4901149365651638,0.049237473442666504,0.9398584192329261,-0.21969078803163974,0.934721016146676,2.417793676927851e-16,2,B2_temporal,0,1,0.4901149365651638,fourier
re500_e1,phase1_re_estarmap,500,1.0,1.0,1.0,0.0,0,0.9187824373230503,0.2821822850605332,0.7071723313712912,-0.7200890606547283,0.8699438242204903,3.119543233057253e-16,2,B2_temporal,0,1,0.9187824373230503,fourier
re500_e1,phase1_re_estarmap,500,1.0,1.0,1.0,0.0,1,1.0094493673674467,0.6429251471381171,0.1891587662835145,1.1392983656998679,0.844982654399986,2.924488683876857e-16,1,B1_Mode2,1,0,1.0094493673674467,fourier
re500_e1,phase1_re_estarmap,500,1.0,1.0,1.0,0.0,2,1.0006198776892572,0.9610348246861736,0.018933616820983098,1.3868168939932883,0.9843046218054012,3.185365112264658e-16,1,B1_Mode2,1,0,1.0006198776892572,fourier
re500_e1,phase1_re_estarmap,500,1.0,1.0,1.0,0.0,3,0.9720101388731027,0.9593410838015772,0.021772073959931564,1.3656421640332024,0.9797823869837751,2.951558216789436e-16,1,B1_Mode2,1,0,0.9720101388731027,fourier
re500_e1,phase1_re_estarmap,500,1.0,1.0,1.0,0.0,4,0.963010889382545,0.01047626219894632,0.9796870587560581,-0.1420475594835197,0.9431968028281094,3.155962474563603e-16,2,B2_temporal,0,1,0.963010889382545,fourier
re500_e2,phase1_re_estarmap,500,2.0,1.0,1.0,0.0,0,1.8350547955035534,0.23975852630710115,0.7277437880537423,-0.9380512069846836,0.8141893739844412,4.141960207601265e-16,2,B2_temporal,0,1,1.8350547955035534,fourier
re500_e2,phase1_re_estarmap,500,2.0,1.0,1.0,0.0,1,2.035475413196969,0.12658332485369433,0.6168105559410217,0.7178540874863354,0.7196402100605848,4.732581559266153e-16,2,B2_temporal,1,1,2.035475413196969,fourier
re500_e2,phase1_re_estarmap,500,2.0,1.0,1.0,0.0,2,1.971330714113628,0.8658044939917009,0.021090802291995957,1.8475859879439702,0.9679614149126866,4.2235516414971376e-16,1,B1_Mode2,1,0,1.971330714113628,fourier
re500_e2,phase1_re_estarmap,500,2.0,1.0,1.0,0.0,3,1.906589487133378,0.6518621049952632,0.26706280839418034,1.576599782090942,0.842457368887681,4.437254360570016e-16,1,B1_Mode2,1,0,1.906589487133378,fourier
re500_e2,phase1_re_estarmap,500,2.0,1.0,1.0,0.0,4,1.8866560498188258,0.2627326308636429,0.5882618945815727,-0.9956767623116533,0.7107884851893148,4.563874732401532e-16,2,B2_temporal,0,1,1.8866560498188258,fourier
re700_e0.1,phase1_re_estarmap,700,0.1,1.0,1.0,0.0,0,0.125271307486489,0.9198729011539258,0.0071332786195171475,-0.4800701637238918,0.9932869087134585,1.0104157732578341e-16,1,B1_Mode2,1,0,0.125271307486489,fourier
re700_e0.1,phase1_re_estarmap,700,0.1,1.0,1.0,0.0,1,0.1240605315055589,0.9081355916631398,0.00872075187929715,0.4746868108149716,0.9866857255196292,1.0005849457082367e-16,1,B1_Mode2,1,0,0.1240605315055589,fourier
re700_e0.1,phase1_re_estarmap,700,0.1,1.0,1.0,0.0,2,0.1243489985166315,0.8886148084765109,0.006504090498340814,0.47010288554975377,0.991492247626445,1.1843605757512241e-16,1,B1_Mode2,1,0,0.1243489985166315,fourier
re700_e0.1,phase1_re_estarmap,700,0.1,1.0,1.0,0.0,3,0.12216729554267364,0.008334097946136276,0.9892131887530325,0.04512547411091034,0.9875224034332323,1.2023043215438308e-16,2,B2_temporal,0,1,0.12216729554267364,fourier
re700_e0.1,phase1_re_estarmap,700,0.1,1.0,1.0,0.0,4,0.12255279355616115,0.014629594671728181,0.9853051519091784,0.059881511263738474,0.9961985263913731,1.2112935186064098e-16,2,B2_temporal,0,1,0.12255279355616115,fourier
re700_e0.25,phase1_re_estarmap,700,0.25,1.0,1.0,0.0,0,0.24459653480332838,0.5379309745696687,0.40945921335712654,-0.5129835325682849,0.9141664011706292,1.4557955366759278e-16,3,B3_mixed,1,0,0.24459653480332838,fourier
re700_e0.25,phase1_re_estarmap,700,0.25,1.0,1.0,0.0,1,0.26808709615579873,0.9196324093644258,0.014138876990898748,0.7021988068307574,0.9839164442741389,1.494378236722294e-16,1,B1_Mode2,1,0,0.26808709615579873,fourier
re700_e0.25,phase1_re_estarmap,700,0.25,1.0,1.0,0.0,2,0.262914214132897,0.896685943900144,0.013083340192867781,0.686660731751163,0.9827110138991252,1.4618354661352381e-16,1,B1_Mode2,1,0,0.262914214132897,fourier
re700_e0.25,phase1_re_estarmap,700,0.25,1.0,1.0,0.0,3,0.2655256054060191,0.0069930699548199984,0.987293021492876,0.060939956242193394,0.987634861082467,1.6495240567186964e-16,2,B2_temporal,0,1,0.2655256054060191,fourier
re700_e0.25,phase1_re_estarmap,700,0.25,1.0,1.0,0.0,4,0.25784948858189577,0.0002403153585488912,0.9996553679601385,-0.011132402463099015,0.9970147819604721,1.6400143338392201e-16,2,B2_temporal,0,1,0.25784948858189577,fourier
re700_e0.5,phase1_re_estarmap,700,0.5,1.0,1.0,0.0,0,0.4612805614938805,0.3748656626540984,0.6058513335763127,-0.5880786399009202,0.9204440776347826,2.4407444797702224e-16,3,B3_mixed,0,1,0.4612805614938805,fourier
re700_e0.5,phase1_re_estarmap,700,0.5,1.0,1.0,0.0,1,0.5188237306596132,0.9388144284100689,0.02708151562438958,0.9869946343772942,0.9782230987250475,2.1237117218544797e-16,1,B1_Mode2,1,0,0.5188237306596132,fourier
re700_e0.5,phase1_re_estarmap,700,0.5,1.0,1.0,0.0,2,0.5108083501110139,0.9256091914907749,0.017184930244471285,0.9724288189404839,0.9874311770193155,2.0100530917769802e-16,1,B1_Mode2,1,0,0.5108083501110139,fourier
re700_e0.5,phase1_re_estarmap,700,0.5,1.0,1.0,0.0,3,0.5198723895301887,0.00272076475957518,0.9924588979741167,-0.053187413490597156,0.9941895324073975,2.322376770239972e-16,2,B2_temporal,0,1,0.5198723895301887,fourier
re700_e0.5,phase1_re_estarmap,700,0.5,1.0,1.0,0.0,4,0.4918142468841956,0.02561830821050881,0.9730275786779451,-0.15874160739389404,0.9613972451599746,2.1209387262818684e-16,2,B2_temporal,0,1,0.4918142468841956,fourier
re700_e1,phase1_re_estarmap,700,1.0,1.0,1.0,0.0,0,0.9717899425840324,0.14063602782986998,0.505177480705582,-0.5228167507072353,0.7765291723729744,3.046388974309596e-16,2,B2_temporal,1,1,0.9717899425840324,fourier
re700_e1,phase1_re_estarmap,700,1.0,1.0,1.0,0.0,1,1.0056024592897796,0.7843501138979894,0.18161624383764016,1.255981212821304,0.9121855986214218,2.932496252271459e-16,1,B1_Mode2,1,0,1.0056024592897796,fourier
re700_e1,phase1_re_estarmap,700,1.0,1.0,1.0,0.0,2,1.0302063475089633,0.9470677227256383,0.021448305580671907,1.3969074267629988,0.9844517194555347,3.316566198213452e-16,1,B1_Mode2,1,0,1.0302063475089633,fourier
re700_e1,phase1_re_estarmap,700,1.0,1.0,1.0,0.0,3,0.9348762326428872,0.7733095796758792,0.13642304062075744,1.2024547779555292,0.8700741948642945,2.874692815998594e-16,1,B1_Mode2,1,0,0.9348762326428872,fourier
re700_e1,phase1_re_estarmap,700,1.0,1.0,1.0,0.0,4,0.9707998497443284,0.022365322897466122,0.9737026590863003,-0.20838547026289284,0.9442023956772685,3.036544606467411e-16,2,B2_temporal,0,1,0.9707998497443284,fourier
re700_e2,phase1_re_estarmap,700,2.0,1.0,1.0,0.0,0,1.9328896917895604,0.0732600455348132,0.4324225412841459,-0.532172127857659,0.7483970503017481,4.0785620206846747e-16,3,B3_mixed,2,0,1.9328896917895604,fourier
re700_e2,phase1_re_estarmap,700,2.0,1.0,1.0,0.0,1,1.9729143518346672,0.3215247927695365,0.4757354415148719,1.1263577390204995,0.7075613150332218,4.3184826147392633e-16,3,B3_mixed,1,0,1.9729143518346672,fourier
re700_e2,phase1_re_estarmap,700,2.0,1.0,1.0,0.0,10,2.007154236872337,0.36368470027467653,0.5909908170038783,-1.2082808341126354,0.8166483416851783,4.676572004429479e-16,3,B3_mixed,0,1,2.007154236872337,fourier
re700_e2,phase1_re_estarmap,700,2.0,1.0,1.0,0.0,11,1.907482053052358,0.0001333637110678316,0.8313833571121738,0.022556102739185638,0.8274960708563711,4.750472037617057e-16,2,B2_temporal,1,1,1.907482053052358,fourier
re700_e2,phase1_re_estarmap,700,2.0,1.0,1.0,0.0,12,2.0397213771594274,0.31605433699178614,0.642122776435936,-1.1354847312985725,0.9178692631634147,4.665067724515882e-16,2,B2_temporal,0,1,2.0397213771594274,fourier
re700_e2,phase1_re_estarmap,700,2.0,1.0,1.0,0.0,13,1.9579701831345502,0.9428177902091075,0.041932040970411345,1.9214625270133363,0.9823889792499022,4.082389068786354e-16,1,B1_Mode2,1,0,1.9579701831345502,fourier
re700_e2,phase1_re_estarmap,700,2.0,1.0,1.0,0.0,14,1.818453795602236,0.3921829805828072,0.35531043958740327,1.1942919489064672,0.6967668136866169,4.444354407198185e-16,3,B3_mixed,1,0,1.818453795602236,fourier
re700_e2,phase1_re_estarmap,700,2.0,1.0,1.0,0.0,2,1.9614577711461707,0.6794641708382186,0.05352739464578881,1.6326299507886124,0.9337048556475263,4.2611238150463464e-16,1,B1_Mode2,1,0,1.9614577711461707,fourier
re700_e2,phase1_re_estarmap,700,2.0,1.0,1.0,0.0,3,2.044248108170293,0.18756114065062715,0.6549825413640928,0.8756957313374398,0.6101068633287454,4.710891413128626e-16,2,B2_temporal,1,1,2.044248108170293,fourier
re700_e2,phase1_re_estarmap,700,2.0,1.0,1.0,0.0,4,1.9098262072384091,0.019541905338311294,0.9422362407766216,0.2732092346699836,0.8884544864911306,4.482441549932475e-16,2,B2_temporal,0,1,1.9098262072384091,fourier
re700_e2,phase1_re_estarmap,700,2.0,1.0,1.0,0.0,5,1.8863055058465832,0.3204525496184758,0.561479315724712,1.0995193574538888,0.7477274196786686,4.849570413658109e-16,3,B3_mixed,1,0,1.8863055058465832,fourier
re700_e2,phase1_re_estarmap,700,2.0,1.0,1.0,0.0,6,2.1321609772630365,0.5190183172295115,0.4082930846528391,1.4877033323088928,0.7926945731479685,4.426639007765552e-16,3,B3_mixed,1,0,2.1321609772630365,fourier
re700_e2,phase1_re_estarmap,700,2.0,1.0,1.0,0.0,7,1.8880192721050069,0.747037109475602,0.2288071851188092,1.679535923800116,0.9433412886044086,4.2127760902835485e-16,1,B1_Mode2,1,0,1.8880192721050069,fourier
re700_e2,phase1_re_estarmap,700,2.0,1.0,1.0,0.0,8,1.8696972007720958,0.08807344732629566,0.6068631847842583,0.5738827021758429,0.6253123518137687,4.757124631765988e-16,2,B2_temporal,1,1,1.8696972007720958,fourier
re700_e2,phase1_re_estarmap,700,2.0,1.0,1.0,0.0,9,1.941758345049457,0.1790224306461958,0.5301536938420063,0.8338084895925303,0.6438021718708368,4.51570871439316e-16,2,B2_temporal,1,1,1.941758345049457,fourier
re900_e0.1,phase1_re_estarmap,900,0.1,1.0,1.0,0.0,0,0.11812695960355628,0.7320270731791215,0.18182119026072996,-0.41586568144567937,0.9640060549023554,1.0310147047297852e-16,1,B1_Mode2,1,0,0.11812695960355628,fourier
re900_e0.1,phase1_re_estarmap,900,0.1,1.0,1.0,0.0,1,0.12238252286249654,0.903114227767841,0.005470451528177443,0.47016039311546376,0.988867080946847,1.0398935888191954e-16,1,B1_Mode2,1,0,0.12238252286249654,fourier
re900_e0.1,phase1_re_estarmap,900,0.1,1.0,1.0,0.0,2,0.12692590831656758,0.894677735915333,0.006122710832199771,0.47656643667313336,0.9967244080216614,1.0949356889000133e-16,1,B1_Mode2,1,0,0.12692590831656758,fourier
re900_e0.1,phase1_re_estarmap,900,0.1,1.0,1.0,0.0,3,0.12292847085738419,0.0019434567463931052,0.9949641258487986,0.021858918821001716,0.9951609342653374,1.17863307863504e-16,2,B2_temporal,0,1,0.12292847085738419,fourier
re900_e0.1,phase1_re_estarmap,900,0.1,1.0,1.0,0.0,4,0.12389170884391988,0.07120195759125604,0.9286508046472838,0.1328256917844814,0.9959265525135225,1.2034490302390647e-16,2,B2_temporal,0,1,0.12389170884391988,fourier
re900_e0.25,phase1_re_estarmap,900,0.25,1.0,1.0,0.0,0,0.2403586520998954,0.41891073565679593,0.536616420306524,-0.4487512000488535,0.9215342276147919,1.6763765130125234e-16,3,B3_mixed,0,1,0.2403586520998954,fourier
re900_e0.25,phase1_re_estarmap,900,0.25,1.0,1.0,0.0,1,0.26583018225242644,0.9468863640464573,0.021955732263732892,0.7095223389391022,0.9852295587095982,1.5144022919833757e-16,1,B1_Mode2,1,0,0.26583018225242644,fourier
re900_e0.25,phase1_re_estarmap,900,0.25,1.0,1.0,0.0,2,0.2695914499498156,0.9154879489362164,0.014360293290045697,0.7025777160788653,0.9902205887157791,1.4614589479804805e-16,1,B1_Mode2,1,0,0.2695914499498156,fourier
re900_e0.25,phase1_re_estarmap,900,0.25,1.0,1.0,0.0,3,0.26854842269574314,0.0002637095321111878,0.996480760838052,0.011901157834285865,0.9972965409519406,1.6135336988129303e-16,2,B2_temporal,0,1,0.26854842269574314,fourier
re900_e0.25,phase1_re_estarmap,900,0.25,1.0,1.0,0.0,4,0.26247647543170227,0.02054901591831255,0.9794161524140196,0.10386176651519675,0.9933993835268362,1.7642185993061626e-16,2,B2_temporal,0,1,0.26247647543170227,fourier
re900_e0.5,phase1_re_estarmap,900,0.5,1.0,1.0,0.0,0,0.46341195719151745,0.36096610186981065,0.6120048554671873,-0.5784047160030451,0.9150540068476183,2.1685255175496152e-16,3,B3_mixed,0,1,0.46341195719151745,fourier
re900_e0.5,phase1_re_estarmap,900,0.5,1.0,1.0,0.0,1,0.5165765580660006,0.9432964384655399,0.04807713267219521,0.9872029451115363,0.9925042264562969,2.1541357099885783e-16,1,B1_Mode2,1,0,0.5165765580660006,fourier
re900_e0.5,phase1_re_estarmap,900,0.5,1.0,1.0,0.0,2,0.5225298568913236,0.9251646003176658,0.03751207714754137,0.9832864549101736,0.9747177350715339,2.0543271350761612e-16,1,B1_Mode2,1,0,0.5225298568913236,fourier
re900_e0.5,phase1_re_estarmap,900,0.5,1.0,1.0,0.0,3,0.5224911835919481,2.5052898666801043e-05,0.9964678703004894,-0.005116623628297476,0.9970167115344766,2.447189180229901e-16,2,B2_temporal,0,1,0.5224911835919481,fourier
re900_e0.5,phase1_re_estarmap,900,0.5,1.0,1.0,0.0,4,0.49667357733599726,0.0001149536060281852,0.9994650968018925,-0.01068591771760307,0.9915080471429991,2.3957932763876143e-16,2,B2_temporal,0,1,0.49667357733599726,fourier
re900_e1,phase1_re_estarmap,900,1.0,1.0,1.0,0.0,0,0.9613757585869398,0.19251950235161377,0.3758962611107999,-0.6084136464874252,0.8048097098628053,3.049319901776473e-16,3,B3_mixed,2,0,0.9613757585869398,fourier
re900_e1,phase1_re_estarmap,900,1.0,1.0,1.0,0.0,1,1.0306545776264395,0.9699426660878292,0.017915776733565425,1.4139843343111085,0.9875541652573213,3.4951420753649395e-16,1,B1_Mode2,1,0,1.0306545776264395,fourier
re900_e1,phase1_re_estarmap,900,1.0,1.0,1.0,0.0,2,1.0236833032309143,0.8767254946448898,0.08052269834251922,1.3397680772319052,0.9397211199304467,2.9458637199353723e-16,1,B1_Mode2,1,0,1.0236833032309143,fourier
re900_e1,phase1_re_estarmap,900,1.0,1.0,1.0,0.0,3,0.9909887789107591,0.11372260521290167,0.8653557234376362,-0.4747585189851442,0.960270020068494,3.016486838279452e-16,2,B2_temporal,0,1,0.9909887789107591,fourier
re900_e1,phase1_re_estarmap,900,1.0,1.0,1.0,0.0,4,0.9530052909141088,0.054549478151711524,0.9436211130308207,0.3224467127920043,0.9117860760697232,3.063327117064222e-16,2,B2_temporal,0,1,0.9530052909141088,fourier
re900_e2,phase1_re_estarmap,900,2.0,1.0,1.0,0.0,0,1.8236357763242848,0.02048426559069853,0.15055514664246972,0.27333437245588543,0.8797397583126135,4.106375796884182e-16,3,B3_mixed,2,0,1.8236357763242848,fourier
re900_e2,phase1_re_estarmap,900,2.0,1.0,1.0,0.0,1,2.003393753652325,0.7391694359049156,0.193925980700921,1.7209575420576886,0.8782467889052664,4.3898959239150597e-16,1,B1_Mode2,1,0,2.003393753652325,fourier
re900_e2,phase1_re_estarmap,900,2.0,1.0,1.0,0.0,2,2.067307236461615,0.717405700118928,0.21961393449176808,1.7222647852956126,0.8733805666834085,4.2370274634432924e-16,1,B1_Mode2,1,0,2.067307236461615,fourier
re900_e2,phase1_re_estarmap,900,2.0,1.0,1.0,0.0,3,1.9581567903445893,0.046325842263714535,0.639901066930709,0.4259419270208674,0.7255190576330544,4.308218018471294e-16,2,B2_temporal,1,1,1.9581567903445893,fourier
re900_e2,phase1_re_estarmap,900,2.0,1.0,1.0,0.0,4,1.9040587820136694,0.08574529728720741,0.9090473237561775,0.5714264367634387,0.8734601874017482,4.583060097564307e-16,2,B2_temporal,0,1,1.9040587820136694,fourier
