# iteration,error,time
2.000000000000000000e+03,2.135620119059602334e-02,6.869622230529785156e+00
4.000000000000000000e+03,3.594300091790179549e-03,1.380200386047363281e+01
6.000000000000000000e+03,2.253064499157138734e-03,2.068743848800659180e+01
8.000000000000000000e+03,1.776448445506890843e-03,2.764729261398315430e+01
1.000000000000000000e+04,1.347714108428036805e-03,3.453321766853332520e+01
1.200000000000000000e+04,1.005309262759961813e-03,4.149066996574401855e+01
1.400000000000000000e+04,8.768556208392602703e-04,4.838937282562255859e+01
1.600000000000000000e+04,8.301396228810762820e-04,5.535904240608215332e+01
1.800000000000000000e+04,6.693222606468614885e-04,6.224984145164489746e+01
2.000000000000000000e+04,6.123936140518004313e-04,6.922895431518554688e+01
2.200000000000000000e+04,5.218714060331083177e-04,7.610323309898376465e+01
2.400000000000000000e+04,5.452711163189429260e-04,8.305772829055786133e+01
2.600000000000000000e+04,4.686886737258330257e-04,8.995256972312927246e+01
2.800000000000000000e+04,4.373563032828388028e-04,9.690561294555664062e+01
3.000000000000000000e+04,3.922424053416865425e-04,1.037820873260498047e+02
3.200000000000000000e+04,3.675639449342000642e-04,1.107445735931396484e+02
3.400000000000000000e+04,3.353122320322432363e-04,1.176269185543060303e+02
3.600000000000000000e+04,3.272433518327873617e-04,1.245556559562683105e+02
3.800000000000000000e+04,3.067777282919868787e-04,1.315621721744537354e+02
4.000000000000000000e+04,2.597215158102494687e-04,1.385213098526000977e+02
4.200000000000000000e+04,2.441455125416585031e-04,1.453906953334808350e+02
4.400000000000000000e+04,2.499416872440100162e-04,1.523807954788208008e+02
4.600000000000000000e+04,2.435199269573608966e-04,1.592510976791381836e+02
4.800000000000000000e+04,1.896268048184892273e-04,1.662090377807617188e+02
5.000000000000000000e+04,1.877952866287026928e-04,1.731000745296478271e+02
5.200000000000000000e+04,1.935489365437383785e-04,1.800246415138244629e+02
5.400000000000000000e+04,1.934715445974996562e-04,1.868922879695892334e+02
5.600000000000000000e+04,1.535155072428951578e-04,1.938417787551879883e+02
5.800000000000000000e+04,1.464586505611734264e-04,2.007460467815399170e+02
6.000000000000000000e+04,1.503150190036760606e-04,2.076677956581115723e+02
6.200000000000000000e+04,1.535075864832046583e-04,2.145421361923217773e+02
6.400000000000000000e+04,1.257129577630572773e-04,2.214850606918334961e+02
6.600000000000000000e+04,1.161739777007231300e-04,2.283541142940521240e+02
6.800000000000000000e+04,1.169050294124382439e-04,2.353128969669342041e+02
7.000000000000000000e+04,1.210475793707796455e-04,2.421710717678070068e+02
7.200000000000000000e+04,1.024081751589845518e-04,2.491306922435760498e+02
7.400000000000000000e+04,9.258307185839491707e-05,2.560126099586486816e+02
7.600000000000000000e+04,9.169292239437614594e-05,2.629625139236450195e+02
7.800000000000000000e+04,9.558177943082800387e-05,2.698577899932861328e+02
8.000000000000000000e+04,8.327543478888095596e-05,2.768183948993682861e+02
8.200000000000000000e+04,7.334687663771355046e-05,2.836957492828369141e+02
8.400000000000000000e+04,7.253443645684025387e-05,2.906273109912872314e+02
8.600000000000000000e+04,7.580890118604431682e-05,2.975000057220458984e+02
8.800000000000000000e+04,6.788651554338106381e-05,3.044302458763122559e+02
9.000000000000000000e+04,5.815280590922358717e-05,3.113211104869842529e+02
9.200000000000000000e+04,5.800929354059583543e-05,3.182598268985748291e+02
9.400000000000000000e+04,6.047090332102558752e-05,3.251230354309082031e+02
9.600000000000000000e+04,5.545533857360257501e-05,3.320514996051788330e+02
9.800000000000000000e+04,4.800487445462495867e-05,3.389383020401000977e+02
1.000000000000000000e+05,4.689519847580082140e-05,3.458472750186920166e+02
1.020000000000000000e+05,4.856107351039820608e-05,3.527306759357452393e+02
1.040000000000000000e+05,4.537977771937751897e-05,3.596318659782409668e+02
1.060000000000000000e+05,3.975157727463454055e-05,3.664970846176147461e+02
1.080000000000000000e+05,3.818557747911708461e-05,3.735058519840240479e+02
1.100000000000000000e+05,3.917908901575773567e-05,3.804152128696441650e+02
1.120000000000000000e+05,3.715302742686703991e-05,3.874106674194335938e+02
1.140000000000000000e+05,3.293701262266444246e-05,3.942885973453521729e+02
1.160000000000000000e+05,3.122877110004872864e-05,4.012728800773620605e+02
1.180000000000000000e+05,3.169932883671441881e-05,4.081480588912963867e+02
1.200000000000000000e+05,3.037641485998353319e-05,4.151323795318603516e+02
1.220000000000000000e+05,2.724176463676959703e-05,4.220396747589111328e+02
1.240000000000000000e+05,2.558975885821792445e-05,4.289838271141052246e+02
1.260000000000000000e+05,2.568061366917465116e-05,4.358847262859344482e+02
1.280000000000000000e+05,2.478342758129459950e-05,4.428477876186370850e+02
1.300000000000000000e+05,2.246396769840178914e-05,4.497389571666717529e+02
1.320000000000000000e+05,2.096264106131711519e-05,4.567205998897552490e+02
1.340000000000000000e+05,2.080845931944335508e-05,4.636103439331054688e+02
1.360000000000000000e+05,2.016934812191714665e-05,4.705778489112854004e+02
1.380000000000000000e+05,1.845566991093196968e-05,4.774921960830688477e+02
1.400000000000000000e+05,1.715162283221372680e-05,4.844462394714355469e+02
1.420000000000000000e+05,1.685467463421585349e-05,4.913318150043487549e+02
1.440000000000000000e+05,1.637071639931653166e-05,4.983064105510711670e+02
1.460000000000000000e+05,1.510519961064275135e-05,5.051939723491668701e+02
1.480000000000000000e+05,1.400820132963984110e-05,5.121559238433837891e+02
1.500000000000000000e+05,1.364279093826227529e-05,5.190538232326507568e+02
1.520000000000000000e+05,1.325647065607196001e-05,5.259922986030578613e+02
1.540000000000000000e+05,1.231931737856808984e-05,5.329240205287933350e+02
1.560000000000000000e+05,1.141713199923413691e-05,5.398706722259521484e+02
1.580000000000000000e+05,1.103329674506138558e-05,5.467809917926788330e+02
1.600000000000000000e+05,1.071402248139455976e-05,5.537531809806823730e+02
1.620000000000000000e+05,1.001807499862155532e-05,5.606331870555877686e+02
1.640000000000000000e+05,9.288249414257133962e-06,5.676209745407104492e+02
1.660000000000000000e+05,8.916500669838359205e-06,5.745369668006896973e+02
1.680000000000000000e+05,8.644553055264271590e-06,5.814996359348297119e+02
1.700000000000000000e+05,8.124440071152240483e-06,5.883916139602661133e+02
1.720000000000000000e+05,7.542484784258014774e-06,5.953565049171447754e+02
1.740000000000000000e+05,7.202010957835756899e-06,6.022403831481933594e+02
1.760000000000000000e+05,6.968139096816955425e-06,6.091234161853790283e+02
1.780000000000000000e+05,6.575858281897793700e-06,6.161024105548858643e+02
1.800000000000000000e+05,6.115882284597057295e-06,6.230094292163848877e+02
1.820000000000000000e+05,5.814579957288609768e-06,6.299753329753875732e+02
1.840000000000000000e+05,5.611970001602462066e-06,6.368429324626922607e+02
1.860000000000000000e+05,5.313115794463273145e-06,6.436636168956756592e+02
1.880000000000000000e+05,4.951882130048261554e-06,6.504182450771331787e+02
1.900000000000000000e+05,4.692180577680130082e-06,6.572788569927215576e+02
1.920000000000000000e+05,4.516936289461308263e-06,6.640794746875762939e+02
1.940000000000000000e+05,4.286904557018744732e-06,6.709509751796722412e+02
1.960000000000000000e+05,4.004674073319024197e-06,6.777989392280578613e+02
1.980000000000000000e+05,3.785403309947144024e-06,6.846695952415466309e+02
2.000000000000000000e+05,3.634709952538353606e-06,6.914290845394134521e+02
2.020000000000000000e+05,3.455764617286451179e-06,6.982430982589721680e+02
2.040000000000000000e+05,3.235569103301680349e-06,7.050062074661254883e+02
2.060000000000000000e+05,3.053026269503322787e-06,7.118260669708251953e+02
2.080000000000000000e+05,2.924107322286977062e-06,7.185616600513458252e+02
2.100000000000000000e+05,2.783353203356445094e-06,7.253797810077667236e+02
2.120000000000000000e+05,2.611698232644898976e-06,7.321089618206024170e+02
2.140000000000000000e+05,2.461555769636518398e-06,7.389254887104034424e+02
2.160000000000000000e+05,2.352075684644919229e-06,7.456766486167907715e+02
2.180000000000000000e+05,2.240335289626499415e-06,7.525073151588439941e+02
2.200000000000000000e+05,2.106426849494101583e-06,7.593411688804626465e+02
2.220000000000000000e+05,1.984044689862067556e-06,7.661605637073516846e+02
2.240000000000000000e+05,1.891778137092479939e-06,7.731407847404479980e+02
2.260000000000000000e+05,1.802368162735941415e-06,7.806486039161682129e+02
2.280000000000000000e+05,1.697707261228038889e-06,7.878068950176239014e+02
2.300000000000000000e+05,1.598668850128284746e-06,7.949885916709899902e+02
2.320000000000000000e+05,1.521474197789529637e-06,8.020422425270080566e+02
2.340000000000000000e+05,1.449486233494161336e-06,8.090282533168792725e+02
2.360000000000000000e+05,1.367478220388150534e-06,8.159252765178680420e+02
2.380000000000000000e+05,1.287771903692863651e-06,8.228660461902618408e+02
2.400000000000000000e+05,1.223624024359812323e-06,8.298345332145690918e+02
2.420000000000000000e+05,1.165393187316059176e-06,8.369609332084655762e+02
2.440000000000000000e+05,1.100938181051482057e-06,8.440070409774780273e+02
2.460000000000000000e+05,1.037053868024363779e-06,8.510398836135864258e+02
2.480000000000000000e+05,9.840753277803523935e-07,8.580408122539520264e+02
2.500000000000000000e+05,9.368206131217179933e-07,8.651209235191345215e+02
2.520000000000000000e+05,8.859909864161394366e-07,8.722195241451263428e+02
2.540000000000000000e+05,8.349383866295898016e-07,8.792836506366729736e+02
2.560000000000000000e+05,7.914239898067915169e-07,8.862660405635833740e+02
2.580000000000000000e+05,7.529999712209758944e-07,8.933015530109405518e+02
2.600000000000000000e+05,7.127767070076729272e-07,9.002560958862304688e+02
2.620000000000000000e+05,6.720584585827651947e-07,9.073012599945068359e+02
2.640000000000000000e+05,6.364890500470260504e-07,9.142204341888427734e+02
2.660000000000000000e+05,6.052146445667538899e-07,9.211332921981811523e+02
2.680000000000000000e+05,5.732771557491120329e-07,9.279722867012023926e+02
2.700000000000000000e+05,5.408387786396892660e-07,9.348850228786468506e+02
2.720000000000000000e+05,5.118841863802764403e-07,9.417363662719726562e+02
2.740000000000000000e+05,4.864239690691163354e-07,9.486621603965759277e+02
2.760000000000000000e+05,4.609856022368477579e-07,9.555375936031341553e+02
2.780000000000000000e+05,4.351563130545327285e-07,9.625060141086578369e+02
2.800000000000000000e+05,4.116693812809477104e-07,9.693984463214874268e+02
2.820000000000000000e+05,3.909504750375034088e-07,9.763672294616699219e+02
2.840000000000000000e+05,3.706315157827808071e-07,9.832624704837799072e+02
2.860000000000000000e+05,3.500643936940259215e-07,9.902207527160644531e+02
2.880000000000000000e+05,3.310687197877887344e-07,9.971285257339477539e+02
2.900000000000000000e+05,3.142216794000535218e-07,1.004081846237182617e+03
2.920000000000000000e+05,2.979523241663714628e-07,1.010967201232910156e+03
2.940000000000000000e+05,2.815685920289079380e-07,1.017923485755920410e+03
2.960000000000000000e+05,2.662424379443542599e-07,1.024818375825881958e+03
2.980000000000000000e+05,2.525583513149007309e-07,1.031845992803573608e+03
3.000000000000000000e+05,2.395051208782528196e-07,1.038873876333236694e+03
3.020000000000000000e+05,2.264448174917402246e-07,1.045891411066055298e+03
3.040000000000000000e+05,2.141032572301401760e-07,1.052631159782409668e+03
3.060000000000000000e+05,2.030018615341994126e-07,1.059527199029922485e+03
3.080000000000000000e+05,1.925120393262910734e-07,1.066308465957641602e+03
3.100000000000000000e+05,1.820918390654790997e-07,1.073178783178329468e+03
3.120000000000000000e+05,1.721686524328372436e-07,1.080003715276718140e+03
3.140000000000000000e+05,1.631740365612768806e-07,1.086801774024963379e+03
3.160000000000000000e+05,1.547337921655247972e-07,1.093547331571578979e+03
3.180000000000000000e+05,1.464118029002869914e-07,1.100359837055206299e+03
3.200000000000000000e+05,1.384421461072746218e-07,1.107107969045639038e+03
3.220000000000000000e+05,1.311637701983600635e-07,1.113871912717819214e+03
3.240000000000000000e+05,1.243665824768314110e-07,1.120584745645523071e+03
3.260000000000000000e+05,1.177134936122814501e-07,1.127351611852645874e+03
3.280000000000000000e+05,1.113179675703637739e-07,1.134046938180923462e+03
3.300000000000000000e+05,1.054355186066655015e-07,1.140740551233291626e+03
3.320000000000000000e+05,9.995828336144957360e-08,1.147489576339721680e+03
3.340000000000000000e+05,9.463403928024194389e-08,1.154141630172729492e+03
3.360000000000000000e+05,8.950447681101147968e-08,1.160910406112670898e+03
3.380000000000000000e+05,8.475557249781884295e-08,1.167594582080841064e+03
3.400000000000000000e+05,8.034044986747479467e-08,1.174368334531784058e+03
3.420000000000000000e+05,7.607556772037948889e-08,1.181049359560012817e+03
3.440000000000000000e+05,7.196264535918456273e-08,1.187815425872802734e+03
3.460000000000000000e+05,6.813273108457335026e-08,1.194493933916091919e+03
3.480000000000000000e+05,6.457325965256166533e-08,1.201245508909225464e+03
3.500000000000000000e+05,6.115398244743719403e-08,1.207926045179367065e+03
3.520000000000000000e+05,5.785662516438749847e-08,1.214665153264999390e+03
3.540000000000000000e+05,5.477060240240139155e-08,1.221385881662368774e+03
3.560000000000000000e+05,5.190100416368331748e-08,1.228127726554870605e+03
3.580000000000000000e+05,4.915756283453698305e-08,1.234796711683273315e+03
3.600000000000000000e+05,4.651400405033395691e-08,1.241556477785110474e+03
3.620000000000000000e+05,4.402927754505736591e-08,1.248181926488876343e+03
3.640000000000000000e+05,4.171615419941432368e-08,1.254918358564376831e+03
3.660000000000000000e+05,3.951351529047492095e-08,1.261589125871658325e+03
3.680000000000000000e+05,3.739385923389598743e-08,1.268303556680679321e+03
3.700000000000000000e+05,3.539453902624140058e-08,1.274990344762802124e+03
3.720000000000000000e+05,3.353038112528100578e-08,1.281736506700515747e+03
3.740000000000000000e+05,3.176097032077385141e-08,1.288384779691696167e+03
3.760000000000000000e+05,3.006105382501178536e-08,1.295168388605117798e+03
3.780000000000000000e+05,2.845314227284401198e-08,1.301820179700851440e+03
3.800000000000000000e+05,2.695121069200279162e-08,1.308501841545104980e+03
3.820000000000000000e+05,2.552919425424099442e-08,1.315257922410964966e+03
3.840000000000000000e+05,2.416556302200362216e-08,1.321921471595764160e+03
3.860000000000000000e+05,2.287296035213826073e-08,1.328641038656234741e+03
3.880000000000000000e+05,2.166322838302592313e-08,1.335317355632781982e+03
3.900000000000000000e+05,2.052001397533781413e-08,1.342020475625991821e+03
3.920000000000000000e+05,1.942584549642634162e-08,1.348695124864578247e+03
3.940000000000000000e+05,1.838703916900996660e-08,1.355441788673400879e+03
3.960000000000000000e+05,1.741295826192951202e-08,1.362126572847366333e+03
3.980000000000000000e+05,1.649365369022631755e-08,1.368835996866226196e+03
4.000000000000000000e+05,1.561545527172664150e-08,1.375594859123229980e+03
4.020000000000000000e+05,1.478079923993708134e-08,1.382729368925094604e+03
4.040000000000000000e+05,1.399669924146557110e-08,1.389674728155136108e+03
4.060000000000000000e+05,1.325732332073392694e-08,1.396558155536651611e+03
4.080000000000000000e+05,1.255227465718489199e-08,1.403364028453826904e+03
4.100000000000000000e+05,1.188174616507942094e-08,1.410034400939941406e+03
4.120000000000000000e+05,1.125075323703261798e-08,1.416782646894454956e+03
4.140000000000000000e+05,1.065602817790223256e-08,1.423412279844284058e+03
4.160000000000000000e+05,1.008984317103778228e-08,1.430119312286376953e+03
4.180000000000000000e+05,9.551216316981692156e-09,1.436788084268569946e+03
4.200000000000000000e+05,9.043584147175320886e-09,1.443496329545974731e+03
4.220000000000000000e+05,8.565208737577878484e-09,1.449947946548461914e+03
4.240000000000000000e+05,8.110455048879194884e-09,1.456369967460632324e+03
4.260000000000000000e+05,7.677823216610535351e-09,1.462824278116226196e+03
4.280000000000000000e+05,7.269518520133799733e-09,1.469235807895660400e+03
4.300000000000000000e+05,6.884709352096562984e-09,1.475653816223144531e+03
4.320000000000000000e+05,6.519361960000136236e-09,1.482060616254806519e+03
4.340000000000000000e+05,6.171845617908289228e-09,1.488475739955902100e+03
4.360000000000000000e+05,5.843493878880667847e-09,1.494910665750503540e+03
4.380000000000000000e+05,5.533958193602861453e-09,1.501322496652603149e+03
4.400000000000000000e+05,5.240386781631134472e-09,1.507733597993850708e+03
4.420000000000000000e+05,4.961232503812584849e-09,1.514115596055984497e+03
4.440000000000000000e+05,4.697221879686186430e-09,1.520512333869934082e+03
4.460000000000000000e+05,4.448247216751188837e-09,1.526877698659896851e+03
4.480000000000000000e+05,4.212315326407312099e-09,1.533234931707382202e+03
4.500000000000000000e+05,3.988064396082124929e-09,1.539664814710617065e+03
4.520000000000000000e+05,3.775816502342432823e-09,1.546144443035125732e+03
4.540000000000000000e+05,3.575565703760330560e-09,1.552738613843917847e+03
4.560000000000000000e+05,3.385935067913570240e-09,1.559267635822296143e+03
4.580000000000000000e+05,3.205777121192965318e-09,1.565792400121688843e+03
4.600000000000000000e+05,3.035161624635740463e-09,1.572312340974807739e+03
4.620000000000000000e+05,2.874112033438014358e-09,1.578854825258255005e+03
4.640000000000000000e+05,2.721681362921613001e-09,1.585399229526519775e+03
4.660000000000000000e+05,2.576936301498800042e-09,1.591920886278152466e+03
4.680000000000000000e+05,2.439798960085504120e-09,1.598454685211181641e+03
4.700000000000000000e+05,2.310285664164357655e-09,1.604941071271896362e+03
4.720000000000000000e+05,2.187749603005384458e-09,1.611488352298736572e+03
4.740000000000000000e+05,2.071448136284348429e-09,1.618004821538925171e+03
4.760000000000000000e+05,1.961225621141537978e-09,1.624494929313659668e+03
4.780000000000000000e+05,1.857082343806326641e-09,1.631021975278854370e+03
4.800000000000000000e+05,1.758572013704773340e-09,1.637598818778991699e+03
4.820000000000000000e+05,1.665118504884377515e-09,1.644111281871795654e+03
4.840000000000000000e+05,1.576532471410374558e-09,1.650555550336837769e+03
4.860000000000000000e+05,1.492794898111382551e-09,1.656972042322158813e+03
4.880000000000000000e+05,1.413597955704504194e-09,1.663392207622528076e+03
4.900000000000000000e+05,1.338497938353777617e-09,1.669813458919525146e+03
4.920000000000000000e+05,1.267303901576755099e-09,1.676253309011459351e+03
4.940000000000000000e+05,1.199977736100754644e-09,1.682694759130477905e+03
4.960000000000000000e+05,1.136306405739861969e-09,1.689149101018905640e+03
4.980000000000000000e+05,1.075952262181989472e-09,1.695605786323547363e+03
5.000000000000000000e+05,1.018735464042297423e-09,1.702060780525207520e+03
5.020000000000000000e+05,9.646081702494035959e-10,1.708519145727157593e+03
5.040000000000000000e+05,9.134182568301674188e-10,1.714981839418411255e+03
