source,rel,exp,init,tau,Re,E_star,lambda_var,point_id,seed,stored_label,stored_id,E_r,modal_coverage,recon_rmse,f1_firstHarm,A10,f2_mode2,A20,ft_temporal,dominant_i,dominant_j,corr_label
P2_maingrid,re1000_e0.1\seed_0,,,,1000,0.1,1.0,re1000_e0.1,0,B1_Mode2,,0.1198878335555686,1.0,1.1457099814240254e-16,2.307243617007198e-05,-0.0023520647896174,0.7960823219851423,-0.4368994962567142,0.0718374674979786,1,0,B1
P2_maingrid,re1000_e0.1\seed_1,,,,1000,0.1,1.0,re1000_e0.1,1,B1_Mode2,,0.1224017891638574,1.0,1.1047091537098355e-16,0.000630797843169,-0.0124266475450613,0.9030156197027424,0.4701717292533125,0.0061876390175622,1,0,B1
P2_maingrid,re1000_e0.1\seed_2,,,,1000,0.1,1.0,re1000_e0.1,2,B1_Mode2,,0.125274189559445,1.0000000000000002,1.107054277996665e-16,0.0011298993841626,0.0168254111173959,0.8974758724433785,0.4741952394731523,0.0043611004902947,1,0,B1
P2_maingrid,re1000_e0.1\seed_3,,,,1000,0.1,1.0,re1000_e0.1,3,B2_temporal,,0.1216087474967995,1.0,1.2125283227668867e-16,0.0018256890549162,-0.0210722452191021,0.0492098967009253,0.1094015895885102,0.948459643617096,0,1,B2
P2_maingrid,re1000_e0.1\seed_4,,,,1000,0.1,1.0,re1000_e0.1,4,B2_temporal,,0.1252535012565304,0.9999999999999998,1.3034415913338483e-16,8.467249376510067e-05,-0.0046055458534685,0.0832285827078803,0.1443930149888196,0.916372628717552,0,1,B2
P2_maingrid,re1000_e0.25\seed_0,,,,1000,0.25,1.0,re1000_e0.25,0,B3_mixed,,0.2402339216036005,1.0000000000000002,1.4888826776377012e-16,0.0049497367960236,0.0487666829180414,0.4358568166428998,-0.4576190387643095,0.5157763426697018,1,0,B3
P2_maingrid,re1000_e0.25\seed_1,,,,1000,0.25,1.0,re1000_e0.25,1,B1_Mode2,,0.2657723532468718,1.0,1.4448490637628466e-16,9.171566994428492e-05,-0.0069821901192542,0.9364021703006624,0.7055066383618017,0.0271075876765071,1,0,B1
P2_maingrid,re1000_e0.25\seed_2,,,,1000,0.25,1.0,re1000_e0.25,2,B1_Mode2,,0.2641202799460255,1.0000000000000002,1.4101631505701243e-16,0.0033218860541905,0.0418897952867191,0.9219588850519866,0.6978653721437341,0.0060777544940156,1,0,B1
P2_maingrid,re1000_e0.25\seed_3,,,,1000,0.25,1.0,re1000_e0.25,3,B2_temporal,,0.2636199947252992,1.0,1.5606188822008732e-16,0.0017601567193244,-0.0304635029195265,0.0317413332085078,0.1293649882541701,0.9659000331101996,0,1,B2
P2_maingrid,re1000_e0.25\seed_4,,,,1000,0.25,1.0,re1000_e0.25,4,B2_temporal,,0.2636872627012806,1.0,1.5911438707831195e-16,0.0001645052821117,-0.0093142844641938,0.0386387160426888,0.1427482908310196,0.9608426610884532,0,1,B2
P2_maingrid,re1000_e0.5\seed_0,,,,1000,0.5,1.0,re1000_e0.5,0,B3_mixed,,0.4612524248079106,1.0,2.2014678076855824e-16,0.0057300031201516,0.0727045780309169,0.3455407835491665,-0.5645910454161994,0.6300302669891389,0,1,B3
P2_maingrid,re1000_e0.5\seed_1,,,,1000,0.5,1.0,re1000_e0.5,1,B1_Mode2,,0.5163353921134394,0.9999999999999998,2.2151375026442907e-16,2.8914676473303777e-05,0.0054643701951234,0.9529618927370004,0.9920160810748226,0.03679576698349,1,0,B1
P2_maingrid,re1000_e0.5\seed_2,,,,1000,0.5,1.0,re1000_e0.5,2,B1_Mode2,,0.5125233301759353,1.0,2.1407723898206887e-16,0.0030341589139647,0.0557687588326694,0.94899665165733,0.9862889274783804,0.0126983996372344,1,0,B1
P2_maingrid,re1000_e0.5\seed_3,,,,1000,0.5,1.0,re1000_e0.5,3,B2_temporal,,0.5155795965771413,0.9999999999999998,2.438242219612869e-16,0.0022689958670603,-0.0483704036322658,0.0159525026489373,0.1282558761237463,0.9814058986319714,0,1,B2
P2_maingrid,re1000_e0.5\seed_4,,,,1000,0.5,1.0,re1000_e0.5,4,B2_temporal,,0.4965010438051244,1.0,2.2954880608547307e-16,8.036934200401394e-05,0.0089334721351693,0.0029454809579224,-0.054082055621372,0.9965200800066294,0,1,B2
P2_maingrid,re1000_e1\seed_0,,,,1000,1.0,1.0,re1000_e1,0,B3_mixed,,0.8873212338197111,1.0,2.5333708199740417e-16,0.0503119715397925,0.2988072310456722,0.002282971301635,0.0636510630255586,0.1058707323049584,2,0,B3
P2_maingrid,re1000_e1\seed_1,,,,1000,1.0,1.0,re1000_e1,1,B1_Mode2,,1.0315441347611314,1.0,2.8728862196801432e-16,0.0007386048877725,0.0390359716130552,0.9619079827988996,1.408723207614694,0.0196865718821776,1,0,B1
P2_maingrid,re1000_e1\seed_10,,,,1000,1.0,1.0,re1000_e1,10,B3_mixed,,1.0634055285520774,1.0,2.9232144109259284e-16,0.0611356267372681,0.3605883066986703,0.1943401201013425,-0.6429033490894915,0.4715137750470634,1,1,B3
P2_maingrid,re1000_e1\seed_11,,,,1000,1.0,1.0,re1000_e1,11,B3_mixed,,0.9713227560237374,1.0,2.813949607466964e-16,0.0608148707777208,0.3437175232397768,0.2154658881571405,-0.6469728283535501,0.3712127622398057,2,0,B3
P2_maingrid,re1000_e1\seed_12,,,,1000,1.0,1.0,re1000_e1,12,B2_temporal,,0.9710409873822504,1.0,3.005748340619964e-16,0.0040240213060645,0.0884023712610481,0.0002539733943548,-0.0222089430465805,0.9889894055571954,0,1,B2
P2_maingrid,re1000_e1\seed_13,,,,1000,1.0,1.0,re1000_e1,13,B1_Mode2,,0.9868065318854764,1.0,2.8104449019157976e-16,0.0009114974681378,0.0424139518402958,0.9490486942988104,1.3685959598153494,0.0230639727984792,1,0,B1
P2_maingrid,re1000_e1\seed_14,,,,1000,1.0,1.0,re1000_e1,14,B1_Mode2,,0.9861407113146506,1.0,2.843896459767685e-16,0.0127736012826651,0.158723459229801,0.6814558160979889,1.159319906856064,0.15400685313071,1,0,B1
P2_maingrid,re1000_e1\seed_15,,,,1000,1.0,1.0,re1000_e1,15,B1_Mode2,,1.0386203946853396,1.0000000000000004,3.174897038352739e-16,0.0022981596589098,-0.0690929155845506,0.801656822492544,1.2904395571892555,0.1458749884370322,1,0,B1
P2_maingrid,re1000_e1\seed_16,,,,1000,1.0,1.0,re1000_e1,16,B1_Mode2,,0.9793124540066184,0.9999999999999996,3.184221585752674e-16,0.0003084402096463,0.0245788257906289,0.8306298558397629,1.2754968933663475,0.103714331546798,1,0,B1
P2_maingrid,re1000_e1\seed_17,,,,1000,1.0,1.0,re1000_e1,17,B3_mixed,,0.986308297219232,1.0,2.908772658796647e-16,0.0069136750608847,0.1167819770069705,0.6172579070086964,-1.103455114816053,0.3145849099713328,1,0,B3
P2_maingrid,re1000_e1\seed_18,,,,1000,1.0,1.0,re1000_e1,18,B1_Mode2,,1.0185195647982814,1.0,3.001075986909237e-16,0.0003043151105162,0.0248978269704229,0.9739341495166411,-1.4085247503028648,0.0100917406886489,1,0,B1
P2_maingrid,re1000_e1\seed_19,,,,1000,1.0,1.0,re1000_e1,19,B1_Mode2,,0.992703987702219,1.0000000000000002,2.8621822224618723e-16,0.0004134137451274,0.0286495191358919,0.6988016810815407,-1.177882180375151,0.2649494515492805,1,0,B1
P2_maingrid,re1000_e1\seed_2,,,,1000,1.0,1.0,re1000_e1,2,B1_Mode2,,1.0233997098471064,1.0,2.837581996209765e-16,0.0013234633236294,0.0520467478598941,0.931431259768882,1.3807436264491673,0.0558054677872331,1,0,B1
P2_maingrid,re1000_e1\seed_3,,,,1000,1.0,1.0,re1000_e1,3,B2_temporal,,0.971603163964644,1.0,3.044575112449214e-16,0.0034720799295829,-0.0821399275032667,0.005716213724375,0.1053934660261335,0.9907783171966492,0,1,B2
P2_maingrid,re1000_e1\seed_4,,,,1000,1.0,1.0,re1000_e1,4,B2_temporal,,0.9660651486653912,1.0000000000000002,3.185538761254938e-16,0.0003109798069693,0.0245123133731515,0.0197269344573578,-0.1952306526612041,0.979616646994558,0,1,B2
P2_maingrid,re1000_e1\seed_5,,,,1000,1.0,1.0,re1000_e1,5,B1_Mode2,,0.9885575245294068,1.0,2.9518135440309863e-16,0.0156813537510829,0.1760790745400514,0.6497546834845984,1.133419499970706,0.2276328306713945,1,0,B1
P2_maingrid,re1000_e1\seed_6,,,,1000,1.0,1.0,re1000_e1,6,B1_Mode2,,0.9984626559132546,1.0,2.7939263326225737e-16,0.0087497427627294,-0.1321838976383476,0.9184901455590244,1.354310237844354,0.0380931130955725,1,0,B1
P2_maingrid,re1000_e1\seed_7,,,,1000,1.0,1.0,re1000_e1,7,B1_Mode2,,0.9726758845028188,1.0,2.7267312451554275e-16,0.0059576403939556,-0.107655498138651,0.9433421373342182,1.354670548746329,0.0209811847838988,1,0,B1
P2_maingrid,re1000_e1\seed_8,,,,1000,1.0,1.0,re1000_e1,8,B2_temporal,,0.9441719531169352,1.0000000000000002,2.9413587792118993e-16,0.0396831402926544,0.2737433399223764,0.1349536589442671,0.5048157282527663,0.5391022998539291,0,1,B2
P2_maingrid,re1000_e1\seed_9,,,,1000,1.0,1.0,re1000_e1,9,B3_mixed,,1.0105153121522044,1.0000000000000002,2.986388552916374e-16,0.0338609658070822,0.2615990230574985,0.4770793974078073,0.981932824782771,0.3479392772189248,1,0,B3
P2_maingrid,re1000_e2\seed_0,,,,1000,2.0,1.0,re1000_e2,0,B3_mixed,,1.809155930002079,1.0000000000000002,4.120966352089682e-16,0.0801378656452847,0.5384828592441487,0.0157594604397237,0.2387941427596558,0.1285834643513385,2,0,B3
P2_maingrid,re1000_e2\seed_1,,,,1000,2.0,1.0,re1000_e2,1,B1_Mode2,,2.0449611696521623,0.9999999999999998,4.353337471074344e-16,0.002595903186964,0.1030390335505694,0.9364599127597912,1.957050923471142,0.0427459151838058,1,0,B1
P2_maingrid,re1000_e2\seed_2,,,,1000,2.0,1.0,re1000_e2,2,B1_Mode2,,1.9341492802603089,1.0,3.90249819143837e-16,0.0492714752564438,0.436573907613853,0.5544639696761411,1.46452455621569,0.1170574913253319,1,0,B1
P2_maingrid,re1000_e2\seed_3,,,,1000,2.0,1.0,re1000_e2,3,B2_temporal,,1.9414250657555665,1.0000000000000002,4.1856442213827393e-16,0.0113208382547308,0.2096595294905476,0.0117540714452276,-0.213633559762724,0.9695801988550596,0,1,B2
P2_maingrid,re1000_e2\seed_4,,,,1000,2.0,1.0,re1000_e2,4,B2_temporal,,1.938153349903723,1.0,4.634051530338348e-16,3.2754588516172785e-05,0.0112679559332949,0.1640001211408759,0.7973172319394647,0.8348732006841472,0,1,B2
P2_maingrid,re100_e0.1\seed_0,,,,100,0.1,1.0,re100_e0.1,0,B2_temporal,,0.1099528188029679,1.0,1.0676825949093302e-16,0.0040093271066183,0.0296929896398403,0.0163472076636267,-0.0599570106355084,0.9793951939240072,0,1,B2
P2_maingrid,re100_e0.1\seed_1,,,,100,0.1,1.0,re100_e0.1,1,B2_temporal,,0.1114347521325651,1.0,1.0349237469392543e-16,0.0002946631613957,-0.0081037912550525,0.0047443287814555,-0.0325171678286068,0.9949254499839844,0,1,B2
P2_maingrid,re100_e0.1\seed_2,,,,100,0.1,1.0,re100_e0.1,2,B3_mixed,,0.1129073101525107,1.0,1.1253955813701751e-16,0.0036075565366256,0.0285418816749531,0.3626454860720208,0.2861654289789095,0.6181916776892651,0,1,B3
P2_maingrid,re100_e0.1\seed_3,,,,100,0.1,1.0,re100_e0.1,3,B2_temporal,,0.1254093400551323,0.9999999999999996,1.298835527203182e-16,0.0021215814839749,-0.0230679922740793,0.006792338418908,0.0412752390313217,0.9909591824545848,0,1,B2
P2_maingrid,re100_e0.1\seed_4,,,,100,0.1,1.0,re100_e0.1,4,B2_temporal,,0.1194421342836715,1.0,1.1366680374293875e-16,0.0001276487135911,0.0055220711313583,1.2630803661860416e-05,0.0017370377929628,0.9992288710822024,0,1,B2
P2_maingrid,re100_e0.25\seed_0,,,,100,0.25,1.0,re100_e0.25,0,B2_temporal,,0.2371221360793234,1.0,1.4286998443809223e-16,0.0030298719792772,0.0379064563306332,0.0067694783496833,-0.0566602712033687,0.990148096314359,0,1,B2
P2_maingrid,re100_e0.25\seed_1,,,,100,0.25,1.0,re100_e0.25,1,B2_temporal,,0.2399038673463903,0.9999999999999998,1.6066662633190452e-16,0.0008734282096663,-0.0204713851680045,0.0110742416833348,-0.0728938050558569,0.987522645557144,0,1,B2
P2_maingrid,re100_e0.25\seed_2,,,,100,0.25,1.0,re100_e0.25,2,B3_mixed,,0.2452014820409463,1.0000000000000002,1.6299264098945586e-16,0.0033848990859504,0.0407426624666109,0.4769009460256578,0.4836048361053074,0.4977389515283975,1,0,B3
P2_maingrid,re100_e0.25\seed_3,,,,100,0.25,1.0,re100_e0.25,3,B2_temporal,,0.266915289407796,0.9999999999999998,1.8066936736658363e-16,0.0019837149709818,-0.0325417840808461,0.0349810273910742,0.136652632977712,0.9626284450568656,0,1,B2
P2_maingrid,re100_e0.25\seed_4,,,,100,0.25,1.0,re100_e0.25,4,B2_temporal,,0.2561799870087757,1.0,1.521564303849121e-16,5.132270951370842e-05,0.0051279335129225,4.352035480994836e-06,0.0014932544277402,0.9998748179043736,0,1,B2
P2_maingrid,re100_e0.5\seed_0,,,,100,0.5,1.0,re100_e0.5,0,B2_temporal,,0.4627977543333635,0.9999999999999998,2.3111929093982514e-16,0.0027164506876415,0.0501431406674501,0.0001086780598142,-0.0100295525351193,0.9969028031231416,0,1,B2
P2_maingrid,re100_e0.5\seed_1,,,,100,0.5,1.0,re100_e0.5,1,B2_temporal,,0.4675152962879402,1.0000000000000004,2.482445012652786e-16,0.0020022078033456,-0.0432680661553336,0.0300328009141959,-0.1675756176641282,0.9662109040571188,0,1,B2
P2_maingrid,re100_e0.5\seed_2,,,,100,0.5,1.0,re100_e0.5,2,B1_Mode2,,0.4954648770647408,1.0,2.2144061941888482e-16,0.0023428042268554,0.0481825115212082,0.7940427505890043,0.8870403528642085,0.1527542622633956,1,0,B1
P2_maingrid,re100_e0.5\seed_3,,,,100,0.5,1.0,re100_e0.5,3,B1_Mode2,,0.490678668760896,1.0,1.913577734605495e-16,1.5677232614423318e-05,-0.003922367557764,0.9181974099935692,0.9492522138982318,0.0051121229762116,1,0,B1
P2_maingrid,re100_e0.5\seed_4,,,,100,0.5,1.0,re100_e0.5,4,B2_temporal,,0.4931505599887517,1.0,2.19138726774631e-16,4.592131365427743e-05,0.006729951195072,0.0055729321721539,-0.0741389859854725,0.9938228831859656,0,1,B2
P2_maingrid,re100_e1\seed_0,,,,100,1.0,1.0,re100_e1,0,B2_temporal,,0.9126890298320952,1.0000000000000002,2.6385423170032836e-16,0.0013960574257938,0.0504810122231657,0.0470207702479551,-0.2929687395595785,0.9459043692772524,0,1,B2
P2_maingrid,re100_e1\seed_1,,,,100,1.0,1.0,re100_e1,1,B2_temporal,,0.9212740902225712,1.0,2.943102850552023e-16,0.0026281308105794,-0.0695877693492534,0.1490283015686134,-0.5240151008225609,0.8426244164343761,0,1,B2
P2_maingrid,re100_e1\seed_2,,,,100,1.0,1.0,re100_e1,2,B1_Mode2,,1.0114888204496144,1.0,2.743533346087957e-16,0.0024948804176285,0.0710428553872936,0.8874802048711626,1.3399076875647176,0.0484744041617695,1,0,B1
P2_maingrid,re100_e1\seed_3,,,,100,1.0,1.0,re100_e1,3,B1_Mode2,,0.9828584323772356,1.0000000000000002,2.849604334562502e-16,0.0003961463836281,0.0279054049819974,0.9121462271639628,1.3390374236212983,0.0015555014179809,1,0,B1
P2_maingrid,re100_e1\seed_4,,,,100,1.0,1.0,re100_e1,4,B2_temporal,,0.9809893262738214,1.0000000000000002,3.040608778914881e-16,9.805027712237404e-05,0.0138698432071339,0.0010103462691639,-0.0445227785721063,0.9984947904166755,0,1,B2
P2_maingrid,re100_e2\seed_0,,,,100,2.0,1.0,re100_e2,0,B2_temporal,,1.8832452475445975,1.0000000000000002,4.689640380773197e-16,0.0720771200227181,0.5210353034862139,0.2282827357968579,-0.9272673587330804,0.5616582329055922,1,1,B2
P2_maingrid,re100_e2\seed_1,,,,100,2.0,1.0,re100_e2,1,B1_Mode2,,1.8983450442098864,1.0000000000000002,4.1564751867695e-16,0.0124971255722319,0.2178249590699609,0.5706555518018549,-1.471938272288556,0.2813242430201998,1,0,B1
P2_maingrid,re100_e2\seed_2,,,,100,2.0,1.0,re100_e2,2,B1_Mode2,,1.9865460116801128,0.9999999999999998,4.3263085109652823e-16,0.0183152391675358,0.2697556869511212,0.8443132729502871,1.8315387874615023,0.0426584850960434,1,0,B1
P2_maingrid,re100_e2\seed_3,,,,100,2.0,1.0,re100_e2,3,B1_Mode2,,1.894760892513845,1.0,3.722232948507867e-16,0.0088686687180047,0.1833248845930972,0.884205312084934,1.8304959143857888,0.0111166400718343,1,0,B1
P2_maingrid,re100_e2\seed_4,,,,100,2.0,1.0,re100_e2,4,B2_temporal,,1.8634760918797724,1.0,4.1803170499940756e-16,0.060254573549778,0.4738838617982736,0.1354958446606137,-0.7106240455741828,0.6232297540022562,0,1,B2
P2_maingrid,re300_e0.1\seed_0,,,,300,0.1,1.0,re300_e0.1,0,B2_temporal,,0.1085775701622722,1.0,1.068481795107656e-16,0.0034831863121292,0.027502578286171,0.0897443026461329,-0.139600990807549,0.9053038674112754,0,1,B2
P2_maingrid,re300_e0.1\seed_1,,,,300,0.1,1.0,re300_e0.1,1,B1_Mode2,,0.1227699586009744,1.0,1.0070574535328601e-16,2.8822301983628448e-05,-0.0026602679644407,0.890092977027381,0.4674969046756773,0.0117191874570393,1,0,B1
P2_maingrid,re300_e0.1\seed_2,,,,300,0.1,1.0,re300_e0.1,2,B1_Mode2,,0.1203174529406075,1.0000000000000002,9.930119174143133e-17,0.0027392453075069,0.0256740732404792,0.8779404219977456,0.4596336702383124,0.0426280101792012,1,0,B1
P2_maingrid,re300_e0.1\seed_3,,,,300,0.1,1.0,re300_e0.1,3,B2_temporal,,0.1241149330598541,1.0000000000000002,1.0698247663595291e-16,0.0006282791970152,-0.0124883009637381,0.2056009582178586,0.2259121473770341,0.7916104678386177,0,1,B2
P2_maingrid,re300_e0.1\seed_4,,,,300,0.1,1.0,re300_e0.1,4,B2_temporal,,0.1173520729446859,0.9999999999999996,1.285281467662851e-16,0.0013420098820792,0.0177475430172323,0.0912802972091408,-0.1463689317888171,0.9013904461930462,0,1,B2
P2_maingrid,re300_e0.25\seed_0,,,,300,0.25,1.0,re300_e0.25,0,B2_temporal,,0.2333532618910661,1.0,1.5422334567789996e-16,0.0031815116554458,0.0385335210574571,0.0618184400432213,-0.1698560250865597,0.9325274807618578,0,1,B2
P2_maingrid,re300_e0.25\seed_1,,,,300,0.25,1.0,re300_e0.25,1,B3_mixed,,0.2425407725717423,0.9999999999999996,1.563703188415108e-16,0.0040137099751201,-0.0441245582016306,0.5101312521568665,-0.497448747131032,0.4533603104328926,1,0,B3
P2_maingrid,re300_e0.25\seed_2,,,,300,0.25,1.0,re300_e0.25,2,B1_Mode2,,0.2554394238621135,1.0,1.581064163919869e-16,0.0024240748227999,0.0351910294289514,0.826998430542898,0.6499969271200441,0.1294029145329411,1,0,B1
P2_maingrid,re300_e0.25\seed_3,,,,300,0.25,1.0,re300_e0.25,3,B2_temporal,,0.2650293909661162,0.9999999999999998,1.6510867691608094e-16,0.0017237376692686,-0.0302271779917223,0.1588914022436624,0.2902098949601479,0.8382212888249753,0,1,B2
P2_maingrid,re300_e0.25\seed_4,,,,300,0.25,1.0,re300_e0.25,4,B2_temporal,,0.2509644739003371,0.9999999999999998,1.6534201484831795e-16,0.0028436599994251,0.0377798262491283,0.1996828648439701,-0.3165858655167002,0.7773779249164868,0,1,B2
P2_maingrid,re300_e0.5\seed_0,,,,300,0.5,1.0,re300_e0.5,0,B2_temporal,,0.4561319800215807,1.0,2.1991996933367706e-16,0.0029513041455286,0.0518880372252775,0.0526420437268784,-0.2191425090552889,0.9426389376328788,0,1,B2
P2_maingrid,re300_e0.5\seed_1,,,,300,0.5,1.0,re300_e0.5,1,B1_Mode2,,0.4792957506955116,0.9999999999999998,2.311724714271669e-16,0.001174391179288,-0.0335523680799744,0.7382784791089665,-0.8412535145446618,0.243877042913876,1,0,B1
P2_maingrid,re300_e0.5\seed_2,,,,300,0.5,1.0,re300_e0.5,2,B1_Mode2,,0.4992658131699752,1.0,2.179185574552057e-16,0.0013033183038127,0.0360749850387328,0.8760858597777401,0.9353071358528708,0.0963252846697879,1,0,B1
P2_maingrid,re300_e0.5\seed_3,,,,300,0.5,1.0,re300_e0.5,3,B2_temporal,,0.509754932511193,0.9999999999999998,2.517861698517489e-16,0.0018111118425054,-0.0429702966023413,0.1603973854703061,0.4043843676637061,0.8365720004776167,0,1,B2
P2_maingrid,re300_e0.5\seed_4,,,,300,0.5,1.0,re300_e0.5,4,B2_temporal,,0.4875573316635348,1.0,2.2018606595047055e-16,0.0027424044966993,0.051712269699807,0.0952806286333712,-0.304810659445206,0.8932661190876117,0,1,B2
P2_maingrid,re300_e1\seed_0,,,,300,1.0,1.0,re300_e1,0,B2_temporal,,0.9030929475464152,1.0000000000000002,2.7357545913162737e-16,0.0079629897224157,0.1199276436831665,0.277390217209509,-0.7078264602009109,0.7089511973354885,0,1,B2
P2_maingrid,re300_e1\seed_1,,,,300,1.0,1.0,re300_e1,1,B3_mixed,,0.930072354840248,1.0,2.797396453759089e-16,0.0002364169358251,0.0209706869809736,0.6277720786689167,-1.0806233900027862,0.3600848587978898,1,0,B3
P2_maingrid,re300_e1\seed_2,,,,300,1.0,1.0,re300_e1,2,B1_Mode2,,0.9930279122426872,1.0,3.27546875140965e-16,0.0044257419259562,0.0937537760824305,0.8940846245749553,1.3325546803864785,0.0659751707225951,1,0,B1
P2_maingrid,re300_e1\seed_3,,,,300,1.0,1.0,re300_e1,3,B1_Mode2,,0.9856953308588852,0.9999999999999996,3.419126822941393e-16,0.0008476530063904,-0.0408785423073652,0.8704953483767017,1.3099948094777274,0.0654835011671045,1,0,B1
P2_maingrid,re300_e1\seed_4,,,,300,1.0,1.0,re300_e1,4,B2_temporal,,0.9660931977679694,1.0000000000000002,3.4303431175384303e-16,0.0019772104756376,0.0618088924196048,0.0420202003579356,-0.2849400980369342,0.9539370458731848,0,1,B2
P2_maingrid,re300_e2\seed_0,,,,300,2.0,1.0,re300_e2,0,B2_temporal,,1.8000642715589863,1.0000000000000002,4.585103552789417e-16,0.0231857338745283,0.2889145588488522,0.1884277598737153,-0.8236286521467924,0.7720968537170445,0,1,B2
P2_maingrid,re300_e2\seed_1,,,,300,2.0,1.0,re300_e2,1,B2_temporal,,1.9683920740263845,1.0,4.1588748656957726e-16,0.0569757341320724,0.4736044414432913,0.2306213158972407,-0.9528411938131806,0.5520977110261119,1,0,B2
P2_maingrid,re300_e2\seed_2,,,,300,2.0,1.0,re300_e2,2,B1_Mode2,,1.9719323347971789,1.0000000000000002,4.357334091700951e-16,0.0487445802008886,0.4384541340761804,0.7382901925162628,1.706375282923691,0.0788165305403813,1,0,B1
P2_maingrid,re300_e2\seed_3,,,,300,2.0,1.0,re300_e2,3,B1_Mode2,,1.909510028580696,1.0,4.203687410846442e-16,0.0343526739430227,0.3622065029862513,0.66931322054963,1.5987872321864232,0.2216870524087684,1,0,B1
P2_maingrid,re300_e2\seed_4,,,,300,2.0,1.0,re300_e2,4,B2_temporal,,1.8667388686501711,1.0,4.137621557684106e-16,0.0518348604888586,0.4399139661925076,0.2023353132424484,-0.8691457803270821,0.6591363490019028,0,1,B2
P2_maingrid,re500_e0.1\seed_0,,,,500,0.1,1.0,re500_e0.1,0,B1_Mode2,,0.1219539341344825,1.0,1.1721444539721488e-16,3.278715443113469e-05,-0.0028279046914461,0.8446090699471357,-0.4538797172946144,0.0356536616918016,1,0,B1
P2_maingrid,re500_e0.1\seed_1,,,,500,0.1,1.0,re500_e0.1,1,B1_Mode2,,0.1230089919051632,1.0,1.153440711234863e-16,0.0001120796717555,-0.0052510584524858,0.887264442260108,0.4672076724449478,0.0071441013484215,1,0,B1
P2_maingrid,re500_e0.1\seed_2,,,,500,0.1,1.0,re500_e0.1,2,B1_Mode2,,0.121459404573975,1.0,1.0285266113382019e-16,0.0022551636067031,0.023405590310311,0.8836210134602593,0.4633013752708608,0.0179642525027456,1,0,B1
P2_maingrid,re500_e0.1\seed_3,,,,500,0.1,1.0,re500_e0.1,3,B2_temporal,,0.1260074421547191,0.9999999999999998,1.0951759913328664e-16,0.0033585091406469,-0.02909285638318,0.0166639539741051,0.0648040464239843,0.9793471014708356,0,1,B2
P2_maingrid,re500_e0.1\seed_4,,,,500,0.1,1.0,re500_e0.1,4,B1_Mode2,,0.116332052647013,1.0000000000000002,1.0675120344793015e-16,0.0036298348903129,0.0290608376878521,0.6509605797780328,-0.3891724050799806,0.3123112469383494,1,0,B1
P2_maingrid,re500_e0.25\seed_0,,,,500,0.25,1.0,re500_e0.25,0,B3_mixed,,0.2397790863784171,1.0000000000000002,1.5594120796487347e-16,0.0062510097398587,0.0547514639871103,0.5197384058346477,-0.4992442290238452,0.4481835120585818,1,0,B3
P2_maingrid,re500_e0.25\seed_1,,,,500,0.25,1.0,re500_e0.25,1,B1_Mode2,,0.2673907959861444,1.0,1.488856743422269e-16,1.5911648034072913e-05,0.0029170629863896,0.9112083368595744,0.6980669344727515,0.0132573435170272,1,0,B1
P2_maingrid,re500_e0.25\seed_10,,,,500,0.25,1.0,re500_e0.25,10,B2_temporal,,0.2934122393796295,1.0,1.8502230534157002e-16,0.0057769584116564,-0.0582242269912983,0.0126080266582899,0.086015688522117,0.9794438792902292,0,1,B2
P2_maingrid,re500_e0.25\seed_11,,,,500,0.25,1.0,re500_e0.25,11,B1_Mode2,,0.2668039983055646,0.9999999999999998,1.6286538805383066e-16,0.0107055134666296,0.075581397139916,0.8706004177652991,0.6815859041768348,0.0149957515006105,1,0,B1
P2_maingrid,re500_e0.25\seed_12,,,,500,0.25,1.0,re500_e0.25,12,B1_Mode2,,0.2380658448335859,0.9999999999999996,1.6683362975451083e-16,0.0005729454343776,-0.0165165819029647,0.7555423902359694,0.5997813558941507,0.2292090074361509,1,0,B1
P2_maingrid,re500_e0.25\seed_13,,,,500,0.25,1.0,re500_e0.25,13,B1_Mode2,,0.2557005511413487,1.0000000000000002,1.471774235779641e-16,0.0004734612326688,-0.0155604818779813,0.886293927560412,0.673239698399356,0.049805163990369,1,0,B1
P2_maingrid,re500_e0.25\seed_14,,,,500,0.25,1.0,re500_e0.25,14,B2_temporal,,0.2497640886598815,1.0,1.643472040646212e-16,0.0011576686995013,0.0240476222400893,0.0190126115314006,0.0974542722735606,0.975371179424271,0,1,B2
P2_maingrid,re500_e0.25\seed_2,,,,500,0.25,1.0,re500_e0.25,2,B1_Mode2,,0.257142822540791,0.9999999999999996,1.6340733316567812e-16,0.0029226944043443,0.0387698307594263,0.8900072382117812,0.6765485545258545,0.0465005899736827,1,0,B1
P2_maingrid,re500_e0.25\seed_3,,,,500,0.25,1.0,re500_e0.25,3,B2_temporal,,0.2680492003360613,1.0,1.6810033728545944e-16,0.0019731187450988,-0.0325236191649034,0.0161676063153666,0.0930990219517076,0.9817392035407252,0,1,B2
P2_maingrid,re500_e0.25\seed_4,,,,500,0.25,1.0,re500_e0.25,4,B3_mixed,,0.2500548814646735,1.0,1.566056391502684e-16,0.0026343496189904,0.03629688641504,0.343114558411581,-0.414240196582639,0.6372618676384598,0,1,B3
P2_maingrid,re500_e0.25\seed_5,,,,500,0.25,1.0,re500_e0.25,5,B2_temporal,,0.245288399515157,0.9999999999999998,1.7070772577258548e-16,9.284200662206858e-05,0.0067487876262485,4.163714807669628e-06,-0.0014292032334212,0.9976833193414728,0,1,B2
P2_maingrid,re500_e0.25\seed_6,,,,500,0.25,1.0,re500_e0.25,6,B1_Mode2,,0.2642531223259776,1.0,1.5766734879843827e-16,0.0159119688040466,-0.091703734262274,0.8676499494036684,0.6771694148673519,0.009500161977007,1,0,B1
P2_maingrid,re500_e0.25\seed_7,,,,500,0.25,1.0,re500_e0.25,7,B1_Mode2,,0.2507465025970172,1.0,1.4789920974594056e-16,0.0074785370373372,-0.0612407871708809,0.9296377314721606,0.6827933945914669,0.0090194768634883,1,0,B1
P2_maingrid,re500_e0.25\seed_8,,,,500,0.25,1.0,re500_e0.25,8,B2_temporal,,0.2509590419958604,1.0,1.6922500389569963e-16,0.0002084494104331,-0.0102286132341491,0.0340721571474337,0.1307724429415646,0.9625302914286836,0,1,B2
P2_maingrid,re500_e0.25\seed_9,,,,500,0.25,1.0,re500_e0.25,9,B2_temporal,,0.2648087990449823,1.0000000000000002,1.611415385891296e-16,0.0029070476375784,-0.0392380375063204,0.0002453952882463,-0.0114002483807862,0.9962712754214984,0,1,B2
P2_maingrid,re500_e0.5\seed_0,,,,500,0.5,1.0,re500_e0.5,0,B2_temporal,,0.4529077895961976,1.0,2.1619069687443147e-16,0.0038915747369304,0.0593721232928649,0.2222811047333715,-0.4487155977092666,0.7649349673579731,0,1,B2
P2_maingrid,re500_e0.5\seed_1,,,,500,0.5,1.0,re500_e0.5,1,B1_Mode2,,0.5161933571754658,1.0,2.0874466863036482e-16,2.1189156649850482e-07,-0.0004677114902758,0.9245964853844564,0.9770062065547372,0.0253584069112485,1,0,B1
P2_maingrid,re500_e0.5\seed_2,,,,500,0.5,1.0,re500_e0.5,2,B1_Mode2,,0.5035725659536491,1.0,2.0349970592387007e-16,0.0012293979587085,0.0351878127949163,0.925467666952986,0.9654430358697008,0.0428763323441634,1,0,B1
P2_maingrid,re500_e0.5\seed_3,,,,500,0.5,1.0,re500_e0.5,3,B2_temporal,,0.5181453323708552,1.0,2.2797938857195397e-16,0.002493443156648,-0.050832389932979,0.0703301167848561,0.2699674859577365,0.9266917420996847,0,1,B2
P2_maingrid,re500_e0.5\seed_4,,,,500,0.5,1.0,re500_e0.5,4,B2_temporal,,0.4901149365651637,1.0,2.1388900420122518e-16,0.0028126681826962,0.0525077268207459,0.0492374734426665,-0.2196907880316397,0.939858419232926,0,1,B2
P2_maingrid,re500_e1\seed_0,,,,500,1.0,1.0,re500_e1,0,B2_temporal,,0.9187824373230504,1.0,3.0440834743961117e-16,0.0044757295915169,0.0906887175220031,0.2821822850605332,-0.7200890606547283,0.7071723313712911,0,1,B2
P2_maingrid,re500_e1\seed_1,,,,500,1.0,1.0,re500_e1,1,B1_Mode2,,1.0094493673674467,1.0,3.0269823645082253e-16,0.0193625992372175,0.1977147619708689,0.6429251471381171,1.139298365699868,0.1891587662835144,1,0,B1
P2_maingrid,re500_e1\seed_2,,,,500,1.0,1.0,re500_e1,2,B1_Mode2,,1.000619877689258,1.0000000000000002,3.1211535667319753e-16,0.0011794886389604,0.0485843550467117,0.9610348246861738,1.386816893993289,0.018933616820983,1,0,B1
P2_maingrid,re500_e1\seed_3,,,,500,1.0,1.0,re500_e1,3,B1_Mode2,,0.972010138873104,1.0,2.862462137016159e-16,9.657980272789372e-05,0.013702302540951,0.9593410838015772,1.3656421640332033,0.0217720739599315,1,0,B1
P2_maingrid,re500_e1\seed_4,,,,500,1.0,1.0,re500_e1,4,B2_temporal,,0.9630108893825452,1.0000000000000002,3.612766310005115e-16,0.0032433973894513,0.0790370420073599,0.0104762621989463,-0.1420475594835198,0.9796870587560582,0,1,B2
P2_maingrid,re500_e2\seed_0,,,,500,2.0,1.0,re500_e2,0,B2_temporal,,1.8350547955035537,1.0000000000000002,4.334977421896079e-16,0.0204040080928058,0.2736511388545523,0.2397585263071012,-0.9380512069846838,0.7277437880537425,0,1,B2
P2_maingrid,re500_e2\seed_1,,,,500,2.0,1.0,re500_e2,1,B2_temporal,,2.035475413196969,1.0,4.363677086371661e-16,0.0741176886441036,0.5492990677546454,0.1265833248536943,0.7178540874863354,0.6168105559410217,1,1,B2
P2_maingrid,re500_e2\seed_2,,,,500,2.0,1.0,re500_e2,2,B1_Mode2,,1.9713307141136285,1.0,4.1391784161738847e-16,0.0317895502072629,0.3540274472733286,0.865804493991701,1.8475859879439704,0.0210908022919959,1,0,B1
P2_maingrid,re500_e2\seed_3,,,,500,2.0,1.0,re500_e2,3,B1_Mode2,,1.9065894871333788,0.9999999999999998,4.472686117087219e-16,0.0282008103989221,0.3279248957771479,0.6518621049952632,1.5765997820909423,0.26706280839418,1,0,B1
P2_maingrid,re500_e2\seed_4,,,,500,2.0,1.0,re500_e2,4,B2_temporal,,1.8866560498188256,1.0,4.144555220048069e-16,0.0425233341690195,0.4005668625047466,0.2627326308636429,-0.9956767623116534,0.5882618945815726,0,1,B2
P2_maingrid,re700_e0.1\seed_0,,,,700,0.1,1.0,re700_e0.1,0,B1_Mode2,,0.1252713074864889,1.0,1.0381929152868593e-16,0.0015344558285687,0.0196073092455376,0.9198729011539256,-0.4800701637238916,0.0071332786195171,1,0,B1
P2_maingrid,re700_e0.1\seed_1,,,,700,0.1,1.0,re700_e0.1,1,B1_Mode2,,0.1240605315055589,0.9999999999999996,1.0906386605741598e-16,5.365766079787943e-06,0.0011538455631435,0.9081355916631396,0.4746868108149716,0.0087207518792971,1,0,B1
P2_maingrid,re700_e0.1\seed_2,,,,700,0.1,1.0,re700_e0.1,2,B1_Mode2,,0.1243489985166315,0.9999999999999998,1.0896727817618312e-16,0.0011621653578614,0.0170008292951135,0.8886148084765105,0.4701028855497536,0.0065040904983408,1,0,B1
P2_maingrid,re700_e0.1\seed_3,,,,700,0.1,1.0,re700_e0.1,3,B2_temporal,,0.1221672955426736,0.9999999999999998,1.2353617871239607e-16,0.0024302790139191,-0.0243680370380799,0.0083340979461363,0.0451254741109104,0.989213188753032,0,1,B2
P2_maingrid,re700_e0.1\seed_4,,,,700,0.1,1.0,re700_e0.1,4,B2_temporal,,0.1225527935561611,1.0,1.134182895096245e-16,1.153497384780114e-05,-0.001681453697635,0.0146295946717281,0.0598815112637384,0.9853051519091784,0,1,B2
P2_maingrid,re700_e0.25\seed_0,,,,700,0.25,1.0,re700_e0.25,0,B3_mixed,,0.2445965348033283,0.9999999999999998,1.5548437917356586e-16,0.0041979423540365,0.0453167111141459,0.5379309745696688,-0.5129835325682849,0.4094592133571264,1,0,B3
P2_maingrid,re700_e0.25\seed_1,,,,700,0.25,1.0,re700_e0.25,1,B1_Mode2,,0.2680870961557988,1.0,1.3950196517053614e-16,0.0001373904777422,0.0085828450081986,0.9196324093644256,0.7021988068307575,0.0141388769908987,1,0,B1
P2_maingrid,re700_e0.25\seed_2,,,,700,0.25,1.0,re700_e0.25,2,B1_Mode2,,0.262914214132897,1.0,1.4794881873805431e-16,0.0026942804488946,0.0376394640470544,0.8966859439001441,0.6866607317511632,0.0130833401928677,1,0,B1
P2_maingrid,re700_e0.25\seed_3,,,,700,0.25,1.0,re700_e0.25,3,B2_temporal,,0.265525605406019,1.0000000000000002,1.554182998166685e-16,0.0044092157266448,-0.0483892482930477,0.00699306995482,0.0609399562421934,0.9872930214928768,0,1,B2
P2_maingrid,re700_e0.25\seed_4,,,,700,0.25,1.0,re700_e0.25,4,B2_temporal,,0.2578494885818957,0.9999999999999998,1.8234585629423215e-16,1.9868207697742068e-06,0.0010122259820713,0.0002403153585488,-0.0111324024630991,0.9996553679601384,0,1,B2
P2_maingrid,re700_e0.5\seed_0,,,,700,0.5,1.0,re700_e0.5,0,B3_mixed,,0.4612805614938807,1.0,2.362751639994465e-16,0.0057084843041268,0.0725701432420609,0.3748656626540983,-0.5880786399009204,0.6058513335763124,0,1,B3
P2_maingrid,re700_e0.5\seed_1,,,,700,0.5,1.0,re700_e0.5,1,B1_Mode2,,0.518823730659613,1.0000000000000004,2.1827714770688564e-16,5.747451862855569e-05,0.0077225830099433,0.9388144284100692,0.9869946343772942,0.0270815156243895,1,0,B1
P2_maingrid,re700_e0.5\seed_2,,,,700,0.5,1.0,re700_e0.5,2,B1_Mode2,,0.5108083501110141,0.9999999999999998,2.145891497622896e-16,0.0014387184745217,0.0383382161881502,0.9256091914907748,0.972428818940484,0.0171849302444712,1,0,B1
P2_maingrid,re700_e0.5\seed_3,,,,700,0.5,1.0,re700_e0.5,3,B2_temporal,,0.5198723895301882,1.0000000000000002,2.190338330673627e-16,0.0043492311021691,-0.0672464893612101,0.0027207647595751,-0.0531874134905971,0.9924588979741172,0,1,B2
P2_maingrid,re700_e0.5\seed_4,,,,700,0.5,1.0,re700_e0.5,4,B2_temporal,,0.4918142468841959,1.0,2.2926806991335303e-16,0.0003945318126839,0.0196995617376141,0.0256183082105087,-0.158741607393894,0.973027578677945,0,1,B2
P2_maingrid,re700_e1\seed_0,,,,700,1.0,1.0,re700_e1,0,B2_temporal,,0.9717899425840324,1.0000000000000002,2.8119780092784184e-16,0.0571074064195829,0.3331558290218243,0.1406360278298699,-0.5228167507072353,0.5051774807055821,1,1,B2
P2_maingrid,re700_e1\seed_1,,,,700,1.0,1.0,re700_e1,1,B1_Mode2,,1.00560245928978,1.0,2.85406454082112e-16,3.2841418998740203e-05,-0.0081271657681751,0.7843501138979891,1.255981212821304,0.1816162438376402,1,0,B1
P2_maingrid,re700_e1\seed_2,,,,700,1.0,1.0,re700_e1,2,B1_Mode2,,1.030206347508963,1.0000000000000002,2.9110523801733053e-16,0.0013278523083904,0.0523060584762092,0.9470677227256382,1.3969074267629984,0.0214483055806719,1,0,B1
P2_maingrid,re700_e1\seed_3,,,,700,1.0,1.0,re700_e1,3,B1_Mode2,,0.9348762326428868,1.0000000000000004,3.146436915538662e-16,0.0149441518050956,0.1671582025483118,0.7733095796758795,1.2024547779555292,0.1364230406207575,1,0,B1
P2_maingrid,re700_e1\seed_4,,,,700,1.0,1.0,re700_e1,4,B2_temporal,,0.9707998497443284,1.0000000000000002,3.404881819592015e-16,0.0017338437780386,0.0580209493062648,0.022365322897466,-0.2083854702628926,0.9737026590863004,0,1,B2
P2_maingrid,re700_e2\seed_0,,,,700,2.0,1.0,re700_e2,0,B3_mixed,,1.9328896917895604,1.0,3.9004506279343934e-16,0.0960606060223319,0.6093842058465636,0.0732600455348132,-0.532172127857659,0.432422541284146,2,0,B3
P2_maingrid,re700_e2\seed_1,,,,700,2.0,1.0,re700_e2,1,B3_mixed,,1.972914351834668,1.0000000000000002,4.473798470140994e-16,0.0641284748804299,0.5030307912103775,0.3215247927695367,1.1263577390205,0.4757354415148719,1,0,B3
P2_maingrid,re700_e2\seed_10,,,,700,2.0,1.0,re700_e2,10,B3_mixed,,2.0071542368723376,1.0,4.3100539220397696e-16,0.0223238523598612,0.2993573611836129,0.3636847002746765,-1.2082808341126356,0.5909908170038781,0,1,B3
P2_maingrid,re700_e2\seed_11,,,,700,2.0,1.0,re700_e2,11,B2_temporal,,1.907482053052358,1.0,4.544663939131443e-16,0.0590026404090384,0.4744396224240608,0.0001333637110678,0.0225561027391854,0.8313833571121737,1,1,B2
P2_maingrid,re700_e2\seed_12,,,,700,2.0,1.0,re700_e2,12,B2_temporal,,2.039721377159428,1.0,4.417047942570693e-16,0.0078732561351931,0.1792163432659259,0.316054336991786,-1.1354847312985723,0.6421227764359362,0,1,B2
P2_maingrid,re700_e2\seed_13,,,,700,2.0,1.0,re700_e2,13,B1_Mode2,,1.9579701831345508,1.0,4.12911031620954e-16,0.0063740146322208,0.1579881678908373,0.9428177902091074,1.9214625270133363,0.0419320409704113,1,0,B1
P2_maingrid,re700_e2\seed_14,,,,700,2.0,1.0,re700_e2,14,B3_mixed,,1.818453795602236,1.0,4.015626988596613e-16,0.0561716255043242,0.4519856316377453,0.3921829805828071,1.194291948906467,0.3553104395874032,1,0,B3
P2_maingrid,re700_e2\seed_2,,,,700,2.0,1.0,re700_e2,2,B1_Mode2,,1.9614577711461705,1.0,4.176115538350344e-16,0.0656286333027183,0.5074008135612696,0.6794641708382188,1.6326299507886122,0.0535273946457888,1,0,B1
P2_maingrid,re700_e2\seed_3,,,,700,2.0,1.0,re700_e2,3,B2_temporal,,2.044248108170293,1.0,4.389721717735304e-16,0.080354481790287,0.5731744889347372,0.187561140650627,0.8756957313374395,0.654982541364093,1,1,B2
P2_maingrid,re700_e2\seed_4,,,,700,2.0,1.0,re700_e2,4,B2_temporal,,1.909826207238409,1.0,4.3774014586811087e-16,0.0184354154651856,0.265361789249092,0.0195419053383112,0.2732092346699835,0.9422362407766216,0,1,B2
P2_maingrid,re700_e2\seed_5,,,,700,2.0,1.0,re700_e2,5,B3_mixed,,1.886305505846584,1.0,4.186388725396448e-16,0.0425339205942596,0.4005795017276679,0.3204525496184756,1.0995193574538886,0.5614793157247117,1,0,B3
P2_maingrid,re700_e2\seed_6,,,,700,2.0,1.0,re700_e2,6,B3_mixed,,2.132160977263037,1.0,4.3800380311749554e-16,0.0014098576511876,0.0775376484987534,0.5190183172295117,1.4877033323088933,0.408293084652839,1,0,B3
P2_maingrid,re700_e2\seed_7,,,,700,2.0,1.0,re700_e2,7,B1_Mode2,,1.888019272105007,0.9999999999999998,4.204637101380928e-16,0.0059646242720467,-0.1500754848500555,0.7470371094756018,1.6795359238001155,0.2288071851188093,1,0,B1
P2_maingrid,re700_e2\seed_8,,,,700,2.0,1.0,re700_e2,8,B2_temporal,,1.869697200772096,1.0,3.87298180645841e-16,0.0789696088053798,0.5434137586213403,0.0880734473262957,0.5738827021758431,0.6068631847842578,1,1,B2
P2_maingrid,re700_e2\seed_9,,,,700,2.0,1.0,re700_e2,9,B2_temporal,,1.941758345049457,1.0,4.203427411977738e-16,0.0686611442968333,0.516378446333735,0.1790224306461958,0.8338084895925304,0.5301536938420062,1,1,B2
P2_maingrid,re900_e0.1\seed_0,,,,900,0.1,1.0,re900_e0.1,0,B1_Mode2,,0.1181269596035562,1.0000000000000002,1.0366801448372365e-16,0.0036221173539977,0.029253024129311,0.7320270731791217,-0.4158656814456793,0.1818211902607299,1,0,B1
P2_maingrid,re900_e0.1\seed_1,,,,900,0.1,1.0,re900_e0.1,1,B1_Mode2,,0.1223825228624964,1.0,9.546718736828524e-17,0.0005491125177021,-0.0115932545259529,0.9031142277678412,0.4701603931154636,0.0054704515281774,1,0,B1
P2_maingrid,re900_e0.1\seed_2,,,,900,0.1,1.0,re900_e0.1,2,B1_Mode2,,0.1269259083165676,1.0,9.532511275378623e-17,0.0002433346795964,0.0078594497558921,0.8946777359153333,0.4765664366731336,0.0061227108321997,1,0,B1
P2_maingrid,re900_e0.1\seed_3,,,,900,0.1,1.0,re900_e0.1,3,B2_temporal,,0.1229284708573843,0.9999999999999998,1.2356276819964416e-16,0.0029501048198079,-0.0269314639174326,0.0019434567463931,0.0218589188210017,0.9949641258487985,0,1,B2
P2_maingrid,re900_e0.1\seed_4,,,,900,0.1,1.0,re900_e0.1,4,B2_temporal,,0.1238917088439198,1.0,1.1871917801741738e-16,9.249683015644996e-05,-0.0047873981139505,0.071201957591256,0.1328256917844813,0.9286508046472836,0,1,B2
P2_maingrid,re900_e0.25\seed_0,,,,900,0.25,1.0,re900_e0.25,0,B3_mixed,,0.2403586520998951,1.0,1.6865581190758067e-16,0.0043024616078266,0.0454782117671476,0.4189107356567957,-0.4487512000488532,0.5366164203065246,0,1,B3
P2_maingrid,re900_e0.25\seed_1,,,,900,0.25,1.0,re900_e0.25,1,B1_Mode2,,0.265830182252426,1.0,1.4811405558054815e-16,3.807459055291262e-05,-0.0044991944492024,0.946886364046457,0.7095223389391017,0.0219557322637329,1,0,B1
P2_maingrid,re900_e0.25\seed_2,,,,900,0.25,1.0,re900_e0.25,2,B1_Mode2,,0.2695914499498154,1.0000000000000002,1.541909966083608e-16,0.0007784354457463,0.0204870466642262,0.9154879489362168,0.7025777160788651,0.0143602932900457,1,0,B1
P2_maingrid,re900_e0.25\seed_3,,,,900,0.25,1.0,re900_e0.25,3,B2_temporal,,0.2685484226957429,1.0000000000000002,1.5266764331584703e-16,0.0032136414851466,-0.0415455978882414,0.0002637095321111,0.0119011578342857,0.996480760838052,0,1,B2
P2_maingrid,re900_e0.25\seed_4,,,,900,0.25,1.0,re900_e0.25,4,B2_temporal,,0.2624764754317021,1.0,1.4805727440183612e-16,4.3315189521447385e-06,-0.0015079269397584,0.0205490159183125,0.1038617665151967,0.97941615241402,0,1,B2
P2_maingrid,re900_e0.5\seed_0,,,,900,0.5,1.0,re900_e0.5,0,B3_mixed,,0.4634119571915175,1.0,2.132626383549799e-16,0.0054743845536786,0.0712305448587785,0.3609661018698106,-0.5784047160030451,0.612004855467187,0,1,B3
P2_maingrid,re900_e0.5\seed_1,,,,900,0.5,1.0,re900_e0.5,1,B1_Mode2,,0.5165765580660007,0.9999999999999998,2.3456300290772464e-16,0.0002879961024674,0.0172494658090652,0.9432964384655396,0.9872029451115364,0.0480771326721952,1,0,B1
P2_maingrid,re900_e0.5\seed_2,,,,900,0.5,1.0,re900_e0.5,2,B1_Mode2,,0.5225298568913237,1.0,1.9736135865046384e-16,0.0012050144470047,0.0354867870212378,0.925164600317666,0.983286454910174,0.0375120771475413,1,0,B1
P2_maingrid,re900_e0.5\seed_3,,,,900,0.5,1.0,re900_e0.5,3,B2_temporal,,0.5224911835919483,0.9999999999999998,2.4293686378717283e-16,0.0034860894285955,-0.0603564576769421,2.505289866680284e-05,-0.0051166236282976,0.996467870300489,0,1,B2
P2_maingrid,re900_e0.5\seed_4,,,,900,0.5,1.0,re900_e0.5,4,B2_temporal,,0.4966735773359972,1.0000000000000004,2.3796218502663567e-16,0.0001053635439372,0.0102304729400054,0.0001149536060281,-0.010685917717603,0.9994650968018928,0,1,B2
P2_maingrid,re900_e1\seed_0,,,,900,1.0,1.0,re900_e1,0,B3_mixed,,0.9613757585869398,1.0000000000000002,2.861793252018861e-16,0.0601121296690692,0.3399715995811353,0.1925195023516136,-0.608413646487425,0.3758962611108,2,0,B3
P2_maingrid,re900_e1\seed_1,,,,900,1.0,1.0,re900_e1,1,B1_Mode2,,1.0306545776264404,1.0,2.9214130409787904e-16,0.0010163560510005,0.045771432498057,0.969942666087829,1.413984334311109,0.0179157767335654,1,0,B1
P2_maingrid,re900_e1\seed_2,,,,900,1.0,1.0,re900_e1,2,B1_Mode2,,1.023683303230914,0.9999999999999996,3.4364637181577364e-16,0.0020917213392681,0.065440968972358,0.8767254946448895,1.3397680772319047,0.0805226983425193,1,0,B1
P2_maingrid,re900_e1\seed_3,,,,900,1.0,1.0,re900_e1,3,B2_temporal,,0.990988778910759,0.9999999999999996,3.2705126404776583e-16,0.0074923320486457,-0.1218590742462896,0.1137226052129016,-0.4747585189851441,0.865355723437636,0,1,B2
P2_maingrid,re900_e1\seed_4,,,,900,1.0,1.0,re900_e1,4,B2_temporal,,0.9530052909141088,1.0,3.04733795594808e-16,5.05163131774343e-05,0.0098124730558171,0.0545494781517115,0.3224467127920043,0.9436211130308204,0,1,B2
P2_maingrid,re900_e2\seed_0,,,,900,2.0,1.0,re900_e2,0,B3_mixed,,1.8236357763242848,1.0,3.703323238728336e-16,0.0924317394233655,0.5806235043129638,0.0204842655906985,0.2733343724558855,0.1505551466424697,2,0,B3
P2_maingrid,re900_e2\seed_1,,,,900,2.0,1.0,re900_e2,1,B1_Mode2,,2.0033937536523254,1.0,4.2575601146161743e-16,0.0147914012652558,0.2434460963029749,0.7391694359049157,1.7209575420576888,0.193925980700921,1,0,B1
P2_maingrid,re900_e2\seed_2,,,,900,2.0,1.0,re900_e2,2,B1_Mode2,,2.067307236461615,1.0000000000000002,4.308065069255674e-16,0.0125748764128744,0.2280181264985122,0.7174057001189282,1.7222647852956128,0.2196139344917681,1,0,B1
P2_maingrid,re900_e2\seed_3,,,,900,2.0,1.0,re900_e2,3,B2_temporal,,1.958156790344589,1.0,3.781290817498162e-16,0.1223826298853129,0.692306836207984,0.0463258422637144,0.4259419270208672,0.639901066930709,1,1,B2
P2_maingrid,re900_e2\seed_4,,,,900,2.0,1.0,re900_e2,4,B2_temporal,,1.9040587820136712,1.0,4.687841670001715e-16,0.0050049107794111,0.1380553825298584,0.0857452972872073,0.5714264367634387,0.9090473237561774,0,1,B2
P2_maingrid,seed_0,,,,1000,2.0,1.0,re1000_e2,0,B3_mixed,,1.809155930002079,1.0000000000000002,4.120966352089682e-16,0.0801378656452847,0.5384828592441487,0.0157594604397237,0.2387941427596558,0.1285834643513385,2,0,B3
P2_lambdavar,re1000_e1_l0\seed_0,,,,1000,1.0,0.0,re1000_e1,0,B3_mixed,,0.9723567652062344,1.0,2.879772651955278e-16,0.9682142708612068,1.372187812539607,0.0061508590160862,0.1093693684366993,0.0220113955726565,0,0,B_first
P2_lambdavar,re1000_e1_l0\seed_1,,,,1000,1.0,0.0,re1000_e1,1,B3_mixed,,0.9874676471703816,1.0,3.048184523437206e-16,0.9708641363859044,1.384699912962439,0.0101578730906037,-0.1416373611801196,0.0182223963373993,0,0,B_first
P2_lambdavar,re1000_e1_l0\seed_2,,,,1000,1.0,0.0,re1000_e1,2,B3_mixed,,0.9697644441054634,0.9999999999999998,3.1223037884478595e-16,0.8680352526716618,1.2975282072240892,0.0012284647727543,0.0488123233918091,0.1211547904502672,0,0,B_first
P2_lambdavar,re1000_e1_l0\seed_3,,,,1000,1.0,0.0,re1000_e1,3,B3_mixed,,1.020579599690913,1.0,3.145915554541345e-16,0.9720541189965044,1.4085869541092275,0.0072861120985511,0.1219512801805908,0.0202730338031728,0,0,B_first
P2_lambdavar,re1000_e1_l0\seed_4,,,,1000,1.0,0.0,re1000_e1,4,B3_mixed,,1.0081289087657352,0.9999999999999996,3.47826140434438e-16,0.9610130170951616,1.3919949742968272,0.0004683372927404,-0.0307292812758348,0.0321522804831252,0,0,B_first
P2_lambdavar,re1000_e1_l0.25\seed_0,,,,1000,1.0,0.25,re1000_e1_l0.25,0,B3_mixed,,0.9780505046964744,1.0,3.0367621346318154e-16,0.2333331287153743,0.6755909772968838,0.1289251380905597,0.502185814967995,0.2806634003850374,2,0,B3
P2_lambdavar,re1000_e1_l0.25\seed_1,,,,1000,1.0,0.25,re1000_e1_l0.25,1,B2_temporal,,1.0430862273350838,1.0000000000000002,2.977160367181517e-16,0.274549619077028,0.7568076722382531,0.0135563766669248,0.1681693776752234,0.574532647354747,1,1,B2
P2_lambdavar,re1000_e1_l0.25\seed_2,,,,1000,1.0,0.25,re1000_e1_l0.25,2,B3_mixed,,0.9617273832345524,1.0000000000000002,3.0498006005516043e-16,0.1753301896508931,0.5807234186684247,0.1926649328905533,0.6087546989549937,0.419457338614119,1,1,B3
P2_lambdavar,re1000_e1_l0.25\seed_3,,,,1000,1.0,0.25,re1000_e1_l0.25,3,B2_temporal,,1.0050754186057906,0.9999999999999998,3.147762954987541e-16,0.2687681209724011,0.7350268453522332,0.0182339417062061,-0.1914496622780969,0.6518452349732232,1,1,B2
P2_lambdavar,re1000_e1_l0.25\seed_4,,,,1000,1.0,0.25,re1000_e1_l0.25,4,B2_temporal,,1.0393228981718874,0.9999999999999998,3.1094806723135436e-16,0.2905068826813593,0.7770848798519643,0.0357529755754714,0.272612861741216,0.5941740489214212,1,1,B2
P2_lambdavar,re1000_e1_l0.5\seed_0,,,,1000,1.0,0.5,re1000_e1_l0.5,0,B3_mixed,,0.9758569769448876,1.0,2.9035567693299073e-16,0.0699999577681231,0.369621285030693,0.2432199247009904,0.6889816549828764,0.1670151727942031,2,0,B3
P2_lambdavar,re1000_e1_l0.5\seed_1,,,,1000,1.0,0.5,re1000_e1_l0.5,1,B1_Mode2,,1.0032562071703426,1.0,3.1042095446449213e-16,0.0215700377961665,0.2080397765231593,0.6901424903800245,1.1767665336044852,0.1991394487824142,1,0,B1
P2_lambdavar,re1000_e1_l0.5\seed_2,,,,1000,1.0,0.5,re1000_e1_l0.5,2,B1_Mode2,,1.016418155500658,1.0,2.7665390648830473e-16,0.0143286722020912,0.1706688171308578,0.6480511333785187,1.1477725712515567,0.2176280150746585,1,0,B1
P2_lambdavar,re1000_e1_l0.5\seed_3,,,,1000,1.0,0.5,re1000_e1_l0.5,3,B2_temporal,,0.9488213368779193,1.0000000000000002,3.3833304627214743e-16,0.0066915545449717,0.1126861990587275,0.0199463494185685,-0.1945534472640374,0.9708075235973128,0,1,B2
P2_lambdavar,re1000_e1_l0.5\seed_4,,,,1000,1.0,0.5,re1000_e1_l0.5,4,B2_temporal,,0.9592574338552662,1.0,3.0418184007742074e-16,0.0403863297246461,0.2783554814064086,0.1072822862902762,-0.4536768247220402,0.7855286816410781,0,1,B2
P2_lambdavar,re1000_e1_l1\seed_0,,,,1000,1.0,1.0,re1000_e1_l1,0,B3_mixed,,0.9009060514588008,1.0,2.544674377882506e-16,0.0467137512991494,0.2901196347431354,0.0317872752287524,0.2393213263082483,0.0945520377629034,2,0,B3
P2_lambdavar,re1000_e1_l1\seed_1,,,,1000,1.0,1.0,re1000_e1_l1,1,B1_Mode2,,1.0270978737094505,1.0,3.0854711590058657e-16,0.0004592019617759,0.0307130382262418,0.9628607322255496,1.4063798994206271,0.0280769429113343,1,0,B1
P2_lambdavar,re1000_e1_l1\seed_2,,,,1000,1.0,1.0,re1000_e1_l1,2,B1_Mode2,,1.0214730006488888,1.0,2.8614788333508033e-16,0.0024110465799421,0.0701828894349294,0.9020875288463156,1.3575404634401047,0.0682962618262188,1,0,B1
P2_lambdavar,re1000_e1_l1\seed_3,,,,1000,1.0,1.0,re1000_e1_l1,3,B2_temporal,,0.978116824770757,1.0,2.941673347226994e-16,0.0037060123113938,-0.0851459099966856,0.0037519897102198,0.0856724490362313,0.9925018093526664,0,1,B2
P2_lambdavar,re1000_e1_l1\seed_4,,,,1000,1.0,1.0,re1000_e1_l1,4,B2_temporal,,0.963886791966761,0.9999999999999998,3.3220390158005047e-16,0.0002110452042826,0.0201704578488452,0.0165520608111328,-0.1786298563828654,0.9829781598107504,0,1,B2
P2_lambdavar,re1000_e1_l2\seed_0,,,,1000,1.0,2.0,re1000_e1_l2,0,B3_mixed,,1.0449609912513074,0.9999999999999998,2.9141776894498755e-16,0.0258675066639694,0.2325103671012597,0.4683612015311988,0.9893626083653,0.0850147219797569,1,0,B3
P2_lambdavar,re1000_e1_l2\seed_1,,,,1000,1.0,2.0,re1000_e1_l2,1,B1_Mode2,,1.029329542819584,1.0,2.9069402858334353e-16,0.0004072929534636,0.0289564731824278,0.9634107289893912,1.4083090038895103,0.0304577391808038,1,0,B1
P2_lambdavar,re1000_e1_l2\seed_2,,,,1000,1.0,2.0,re1000_e1_l2,2,B1_Mode2,,1.0102217241500795,1.0,2.910845161451055e-16,0.002892749254478,0.0764502209204478,0.962764061880924,1.3947079769923747,0.015691880876136,1,0,B1
P2_lambdavar,re1000_e1_l2\seed_3,,,,1000,1.0,2.0,re1000_e1_l2,3,B2_temporal,,1.0066803466502507,1.0,3.021801649780257e-16,0.0036996206431111,-0.0863056822171232,0.0019609019548542,0.0628331355203573,0.9941485051424326,0,1,B2
P2_lambdavar,re1000_e1_l2\seed_4,,,,1000,1.0,2.0,re1000_e1_l2,4,B2_temporal,,0.9830823100586052,1.0000000000000004,3.2700212267355394e-16,1.5108025115677432e-07,-0.0005450216918828,5.519549037110915e-06,0.0032942893066288,0.9998900214187908,0,1,B2
P2_lambdavar,re1000_e1_l5\seed_0,,,,1000,1.0,5.0,re1000_e1_l5,0,B2_temporal,,0.9714316998500954,1.0,3.0832150183830473e-16,0.0032243662861064,0.0791486149247314,0.0652013566350741,0.3559175879569379,0.9295956794129324,0,1,B2
P2_lambdavar,re1000_e1_l5\seed_1,,,,1000,1.0,5.0,re1000_e1_l5,1,B1_Mode2,,1.0385603695216283,1.0000000000000002,2.774031503945304e-16,0.0005776651326844,0.0346392873385272,0.9611282506712898,1.4129329150209864,0.0307457903581898,1,0,B1
P2_lambdavar,re1000_e1_l5\seed_2,,,,1000,1.0,5.0,re1000_e1_l5,2,B1_Mode2,,1.018103839900517,1.0,3.132676811222729e-16,0.0037018031732786,0.0868195833354537,0.9637080629877218,1.4008246710212442,0.0087024900933483,1,0,B1
P2_lambdavar,re1000_e1_l5\seed_3,,,,1000,1.0,5.0,re1000_e1_l5,3,B2_temporal,,1.0373142510917908,1.0000000000000002,2.871022793044861e-16,0.003991590601701,-0.0910003715999944,0.0039484994756296,0.0905078424944389,0.9915514336993472,0,1,B2
P2_lambdavar,re1000_e1_l5\seed_4,,,,1000,1.0,5.0,re1000_e1_l5,4,B2_temporal,,1.0031662602696718,1.0,3.2382533799526367e-16,1.6717918319830164e-06,0.0018314394120689,0.0157784083603546,0.1779233931098701,0.9840008675073388,0,1,B2
P2_lambdavar,re500_e0.25_l0\seed_0,,,,500,0.25,0.0,re500_e0.25_l0,0,B3_mixed,,0.2504047967755841,1.0000000000000004,1.9113247771240283e-16,0.8987971004717309,0.6709144584611484,0.0030819251513904,0.0392868639932355,0.05409398710572,0,0,B_first
P2_lambdavar,re500_e0.25_l0\seed_1,,,,500,0.25,0.0,re500_e0.25_l0,1,B3_mixed,,0.2468508464835527,1.0,1.428647922526709e-16,0.9356707043932848,0.679663306953295,0.0001647408684257,-0.0090184724672576,0.0300624224451039,0,0,B_first
P2_lambdavar,re500_e0.25_l0\seed_2,,,,500,0.25,0.0,re500_e0.25_l0,2,B3_mixed,,0.2456337515959725,1.0,1.4767106487885552e-16,0.9106789468356068,0.6688699218991676,0.0001900112032192,0.0096615904169041,0.0467462956605447,0,0,B_first
P2_lambdavar,re500_e0.25_l0\seed_3,,,,500,0.25,0.0,re500_e0.25_l0,3,B3_mixed,,0.2602311158230922,0.9999999999999998,1.4755673416083267e-16,0.9289796277982216,0.6953407871236263,0.0006826850931889,0.0188497163669031,0.0342962081896594,0,0,B_first
P2_lambdavar,re500_e0.25_l0\seed_4,,,,500,0.25,0.0,re500_e0.25_l0,4,B3_mixed,,0.2519319336067786,1.0000000000000002,1.4396348161219115e-16,0.9250753088276038,0.6827239724586007,0.0001604766570185,0.0089921292808131,0.0399362217400857,0,0,B_first
P2_lambdavar,re500_e0.25_l0.25\seed_0,,,,500,0.25,0.25,re500_e0.25_l0.25,0,B1_Mode2,,0.251725160740351,0.9999999999999998,1.676407574260074e-16,2.4621547356902577e-05,-0.0035207564431787,0.8160061264067222,-0.6409512826024195,0.0866633956287728,1,0,B1
P2_lambdavar,re500_e0.25_l0.25\seed_1,,,,500,0.25,0.25,re500_e0.25_l0.25,1,B1_Mode2,,0.2561720558882653,1.0,1.4401779032287303e-16,0.0004656790994466,-0.0154462922599205,0.8828312384182951,0.672542479473227,0.0202872910115479,1,0,B1
P2_lambdavar,re500_e0.25_l0.25\seed_2,,,,500,0.25,0.25,re500_e0.25_l0.25,2,B1_Mode2,,0.2540732754563022,1.0,1.4500404877276586e-16,0.0028620683748703,0.0381359433234111,0.9129618257128328,0.6811155576338352,0.0138182324993637,1,0,B1
P2_lambdavar,re500_e0.25_l0.25\seed_3,,,,500,0.25,0.25,re500_e0.25_l0.25,3,B2_temporal,,0.2627440395465961,1.0000000000000002,1.5329047374862404e-16,0.0030026791011707,-0.0397224379036271,0.0021582476816292,0.0336768975475275,0.994768661116126,0,1,B2
P2_lambdavar,re500_e0.25_l0.25\seed_4,,,,500,0.25,0.25,re500_e0.25_l0.25,4,B2_temporal,,0.2470826400849284,1.0,1.5829966660425124e-16,0.0101334821169322,0.0707645040215084,0.2257754972960119,-0.3340215739690664,0.7393178179577642,0,1,B2
P2_lambdavar,re500_e0.25_l0.5\seed_0,,,,500,0.25,0.5,re500_e0.25_l0.5,0,B3_mixed,,0.2406936335788445,1.0,1.3881229942180944e-16,0.00488781336046,0.0485070213058757,0.6188557947958635,-0.5458106813002842,0.3464404162308462,1,0,B3
P2_lambdavar,re500_e0.25_l0.5\seed_1,,,,500,0.25,0.5,re500_e0.25_l0.5,1,B1_Mode2,,0.2613037156719736,1.0,1.345865912166679e-16,1.527908129187965e-05,-0.0028257674050148,0.904257060680357,0.6874383316027621,0.0135390841844404,1,0,B1
P2_lambdavar,re500_e0.25_l0.5\seed_2,,,,500,0.25,0.5,re500_e0.25_l0.5,2,B1_Mode2,,0.2536756663651474,1.0,1.3960426983053984e-16,0.0031759791421246,0.0401414654749995,0.9011429100927704,0.6761627440313636,0.0329307469836474,1,0,B1
P2_lambdavar,re500_e0.25_l0.5\seed_3,,,,500,0.25,0.5,re500_e0.25_l0.5,3,B2_temporal,,0.2656244875898427,1.0,1.6653815415879223e-16,0.0016546554463796,-0.0296485077223908,0.0191183263018786,0.1007799149385624,0.978966813920566,0,1,B2
P2_lambdavar,re500_e0.25_l0.5\seed_4,,,,500,0.25,0.5,re500_e0.25_l0.5,4,B3_mixed,,0.2465330838782398,1.0000000000000002,1.5901218545541603e-16,0.0033447675954418,0.0406102418155884,0.3336963858245175,-0.405628399095382,0.6468318762740667,0,1,B3
P2_lambdavar,re500_e0.25_l1\seed_0,,,,500,0.25,1.0,re500_e0.25_l1,0,B3_mixed,,0.2397790863784171,1.0000000000000002,1.5594120796487347e-16,0.0062510097398587,0.0547514639871103,0.5197384058346477,-0.4992442290238452,0.4481835120585818,1,0,B3
P2_lambdavar,re500_e0.25_l1\seed_1,,,,500,0.25,1.0,re500_e0.25_l1,1,B1_Mode2,,0.2673907959861444,1.0,1.488856743422269e-16,1.5911648034072913e-05,0.0029170629863896,0.9112083368595744,0.6980669344727515,0.0132573435170272,1,0,B1
P2_lambdavar,re500_e0.25_l1\seed_2,,,,500,0.25,1.0,re500_e0.25_l1,2,B1_Mode2,,0.257142822540791,0.9999999999999996,1.6340733316567812e-16,0.0029226944043443,0.0387698307594263,0.8900072382117812,0.6765485545258545,0.0465005899736827,1,0,B1
P2_lambdavar,re500_e0.25_l1\seed_3,,,,500,0.25,1.0,re500_e0.25_l1,3,B2_temporal,,0.2680492003360613,1.0,1.6810033728545944e-16,0.0019731187450988,-0.0325236191649034,0.0161676063153666,0.0930990219517076,0.9817392035407252,0,1,B2
P2_lambdavar,re500_e0.25_l1\seed_4,,,,500,0.25,1.0,re500_e0.25_l1,4,B3_mixed,,0.2500548814646735,1.0,1.566056391502684e-16,0.0026343496189904,0.03629688641504,0.343114558411581,-0.414240196582639,0.6372618676384598,0,1,B3
P2_lambdavar,re500_e0.25_l2\seed_0,,,,500,0.25,2.0,re500_e0.25_l2,0,B3_mixed,,0.243362781595969,1.0,1.440164555964625e-16,0.0064346528202898,0.0559634703882824,0.4067473937620149,-0.4449430910865677,0.5618010954504814,0,1,B3
P2_lambdavar,re500_e0.25_l2\seed_1,,,,500,0.25,2.0,re500_e0.25_l2,1,B1_Mode2,,0.2770324061590594,1.0,1.388942736521995e-16,4.259973660179053e-05,0.0048582934313473,0.9110204015248712,0.7104676965132581,0.0141034249834532,1,0,B1
P2_lambdavar,re500_e0.25_l2\seed_2,,,,500,0.25,2.0,re500_e0.25_l2,2,B1_Mode2,,0.266552198613237,1.0,1.459628405689055e-16,0.0023016192666865,0.0350286076202259,0.8953196482045069,0.6908681794532748,0.0467687332575724,1,0,B1
P2_lambdavar,re500_e0.25_l2\seed_3,,,,500,0.25,2.0,re500_e0.25_l2,3,B2_temporal,,0.2776518482680614,0.9999999999999998,1.6091323636579e-16,0.0017376549029541,-0.0310632611120364,0.0291933937295075,0.1273232086166147,0.9689555888302254,0,1,B2
P2_lambdavar,re500_e0.25_l2\seed_4,,,,500,0.25,2.0,re500_e0.25_l2,4,B2_temporal,,0.2638219913012332,0.9999999999999998,1.7244367266526794e-16,6.930947559149954e-05,0.0060473736227545,0.0210074679780411,-0.1052827814427763,0.9783318070824112,0,1,B2
P2_lambdavar,re500_e0.25_l5\seed_0,,,,500,0.25,5.0,re500_e0.25_l5,0,B2_temporal,,0.2629195496206229,0.9999999999999998,1.6635365567031132e-16,0.0048313645416924,0.0504035750588156,0.3253604245764865,-0.4136269243993299,0.6510686032744732,0,1,B2
P2_lambdavar,re500_e0.25_l5\seed_1,,,,500,0.25,5.0,re500_e0.25_l5,1,B1_Mode2,,0.3024562922272038,0.9999999999999996,1.841605942810725e-16,1.813040099115801e-05,0.0033116925764261,0.9155247673912856,0.744185765232501,0.0135700362974488,1,0,B1
P2_lambdavar,re500_e0.25_l5\seed_2,,,,500,0.25,5.0,re500_e0.25_l5,2,B1_Mode2,,0.2897450122693905,0.9999999999999996,1.7254363378080874e-16,0.0021641085746147,0.0354129825206528,0.888989951809002,0.7177470369068257,0.0568856056881857,1,0,B1
P2_lambdavar,re500_e0.25_l5\seed_3,,,,500,0.25,5.0,re500_e0.25_l5,3,B2_temporal,,0.3022736449868844,0.9999999999999994,2.0040842780480222e-16,0.0020172968024739,-0.0349220748955205,0.0262938871150784,0.1260789363783533,0.9715686254697528,0,1,B2
P2_lambdavar,re500_e0.25_l5\seed_4,,,,500,0.25,5.0,re500_e0.25_l5,4,B2_temporal,,0.2860463132623474,1.0,1.6777359047388234e-16,2.6889282492653703e-05,-0.0039221372039471,0.0008381174614289,-0.0218970504827731,0.998119807771734,0,1,B2
P2_lambdavar,re700_e2_l0\seed_0,,,,700,2.0,0.0,re700_e2_l0,0,B3_mixed,,1.9502916502073424,1.0,4.0339298650986393e-16,0.9861522270673554,1.9612671690939196,0.0011471640615969,0.0668925181279703,0.0111929964415412,0,0,B_first
P2_lambdavar,re700_e2_l0\seed_1,,,,700,2.0,0.0,re700_e2_l0,1,B3_mixed,,1.9823962063814728,1.0,3.867677599386908e-16,0.9817133556961564,1.9728886598518864,0.004126909597166,-0.1279153620915109,0.0135469340261528,0,0,B_first
P2_lambdavar,re700_e2_l0\seed_2,,,,700,2.0,0.0,re700_e2_l0,2,B3_mixed,,1.9755917988236191,1.0,4.472473023185345e-16,0.9306461947593184,1.9175906705931367,0.0240679067323758,0.3083775580528958,0.0445914321672306,0,0,B_first
P2_lambdavar,re700_e2_l0\seed_3,,,,700,2.0,0.0,re700_e2_l0,3,B3_mixed,,2.031681533059528,0.9999999999999998,4.654520466019562e-16,0.9538625171091356,1.9687279451911628,0.0221829939929586,0.3002291766083519,0.019339687929901,0,0,B_first
P2_lambdavar,re700_e2_l0\seed_4,,,,700,2.0,0.0,re700_e2_l0,4,B3_mixed,,2.000838602149791,0.9999999999999998,4.621654540602033e-16,0.9767504667814028,1.9770280921646295,0.0019501155789361,0.0883387404142624,0.0191196583053811,0,0,B_first
P2_lambdavar,re700_e2_l0.25\seed_0,,,,700,2.0,0.25,re700_e2_l0.25,0,B3_mixed,,2.0177197384654617,1.0,4.4042103425608284e-16,0.6455868268906747,1.614071425625644,0.0047397957208646,0.138300971668913,0.1711857431500948,0,0,B_first
P2_lambdavar,re700_e2_l0.25\seed_1,,,,700,2.0,0.25,re700_e2_l0.25,1,B3_mixed,,1.9748938950954544,1.0,4.269236786286245e-16,0.5801027603619204,1.5136983847297836,0.0988421602537031,-0.6248244215186932,0.2677128363009708,0,0,B_first
P2_lambdavar,re700_e2_l0.25\seed_2,,,,700,2.0,0.25,re700_e2_l0.25,2,B3_mixed,,1.900034834119536,1.0,4.469004395938788e-16,0.5443288910879661,1.438223803366357,0.1896946397926569,0.8490305335520107,0.1765795084682008,0,0,B_first
P2_lambdavar,re700_e2_l0.25\seed_3,,,,700,2.0,0.25,re700_e2_l0.25,3,B3_mixed,,2.040182316188944,1.0,4.584495954574507e-16,0.6029335894577862,1.5684989302183792,0.0516632057254332,0.4591347486711504,0.3214284081186181,0,0,B_first
P2_lambdavar,re700_e2_l0.25\seed_4,,,,700,2.0,0.25,re700_e2_l0.25,4,B3_mixed,,2.0644558469171432,0.9999999999999998,5.0965523021434845e-16,0.6396669470110002,1.6251548657506447,0.0078636403521097,0.1801895574275405,0.3122684763500158,0,0,B_first
P2_lambdavar,re700_e2_l0.5\seed_0,,,,700,2.0,0.5,re700_e2_l0.5,0,B3_mixed,,1.9722201797252517,0.9999999999999996,4.986532933108157e-16,0.3724617081945453,1.212086215643277,0.0195540493777545,0.2777224901881424,0.2736773585383648,0,0,B3
P2_lambdavar,re700_e2_l0.5\seed_1,,,,700,2.0,0.5,re700_e2_l0.5,1,B2_temporal,,2.0925647074609044,1.0000000000000002,4.413790086731451e-16,0.291446309347442,1.1044186353554435,0.0113462353355892,-0.2179115950370698,0.6354651594077242,1,1,B2
P2_lambdavar,re700_e2_l0.5\seed_2,,,,700,2.0,0.5,re700_e2_l0.5,2,B3_mixed,,1.9587710486473828,1.0000000000000004,4.700965149330919e-16,0.2812550592184319,1.0496802058557355,0.4219465684649595,1.285687926664378,0.1112252502744692,1,0,B3
P2_lambdavar,re700_e2_l0.5\seed_3,,,,700,2.0,0.5,re700_e2_l0.5,3,B2_temporal,,2.028146493675581,1.0000000000000002,4.335753029018297e-16,0.3386909942573623,1.1721049035325857,0.0239934215563903,0.3119685041823072,0.5785729076092766,1,1,B2
P2_lambdavar,re700_e2_l0.5\seed_4,,,,700,2.0,0.5,re700_e2_l0.5,4,B2_temporal,,1.95006463761253,1.0000000000000002,4.4069678999616892e-16,0.394703471875039,1.2407234041851596,0.0049038220756153,-0.1382951193556814,0.5186141863258286,0,0,B2
P2_lambdavar,re700_e2_l1\seed_0,,,,700,2.0,1.0,re700_e2_l1,0,B3_mixed,,1.9246331534994336,1.0,3.8944319367945965e-16,0.1081611812277896,0.6452450624571482,0.0911106416968649,-0.5922069936202953,0.40573510605042,2,0,B3
P2_lambdavar,re700_e2_l1\seed_1,,,,700,2.0,1.0,re700_e2_l1,1,B3_mixed,,1.972914351834668,1.0000000000000002,4.473798470140994e-16,0.0641284748804299,0.5030307912103775,0.3215247927695367,1.1263577390205,0.4757354415148719,1,0,B3
P2_lambdavar,re700_e2_l1\seed_2,,,,700,2.0,1.0,re700_e2_l1,2,B1_Mode2,,1.9614577711461705,1.0,4.176115538350344e-16,0.0656286333027183,0.5074008135612696,0.6794641708382188,1.6326299507886122,0.0535273946457888,1,0,B1
P2_lambdavar,re700_e2_l1\seed_3,,,,700,2.0,1.0,re700_e2_l1,3,B2_temporal,,2.044248108170293,1.0,4.389721717735304e-16,0.080354481790287,0.5731744889347372,0.187561140650627,0.8756957313374395,0.654982541364093,1,1,B2
P2_lambdavar,re700_e2_l1\seed_4,,,,700,2.0,1.0,re700_e2_l1,4,B2_temporal,,1.909826207238409,1.0,4.3774014586811087e-16,0.0184354154651856,0.265361789249092,0.0195419053383112,0.2732092346699835,0.9422362407766216,0,1,B2
P2_lambdavar,re700_e2_l2\seed_0,,,,700,2.0,2.0,re700_e2_l2,0,B3_mixed,,1.8702966764794,1.0,4.083803147855113e-16,0.044258731947377,0.4068831755341374,0.0935551364448287,0.5915671741405872,0.1822816847529252,2,0,B3
P2_lambdavar,re700_e2_l2\seed_1,,,,700,2.0,2.0,re700_e2_l2,1,B1_Mode2,,2.00595212472063,1.0,4.0771817364638433e-16,0.0040634132047366,0.1276793824519781,0.8056393757834761,1.7978175756241044,0.1486624201842165,1,0,B1
P2_lambdavar,re700_e2_l2\seed_2,,,,700,2.0,2.0,re700_e2_l2,2,B1_Mode2,,1.9842085229025177,0.9999999999999998,4.476071716107983e-16,0.0042318054545707,0.1295900030883914,0.9444950086627394,1.936013970005121,0.0178717793994112,1,0,B1
P2_lambdavar,re700_e2_l2\seed_3,,,,700,2.0,2.0,re700_e2_l2,3,B1_Mode2,,1.9179029560208671,1.0,4.241868100657814e-16,0.0258560728953633,0.3149267808145516,0.579526162303236,1.4909560287096364,0.2867200194926008,1,0,B1
P2_lambdavar,re700_e2_l2\seed_4,,,,700,2.0,2.0,re700_e2_l2,4,B2_temporal,,1.926184943897606,1.0,4.436144632318911e-16,9.521184920394538e-06,-0.006056329423294,0.0256815211330195,0.3145388985254777,0.9736987738802804,0,1,B2
P2_lambdavar,re700_e2_l5\seed_0,,,,700,2.0,5.0,re700_e2_l5,0,B3_mixed,,1.930481356894144,1.0,3.9188803436625804e-16,0.0376713290194984,0.3813759257256995,0.1133716649565002,0.6616069612671451,0.4199237598347237,2,0,B3
P2_lambdavar,re700_e2_l5\seed_1,,,,700,2.0,5.0,re700_e2_l5,1,B1_Mode2,,2.0440997504607905,1.0,3.908749458396515e-16,7.349917700101268e-05,0.0173343387163654,0.9846929383790716,2.006395070578655,0.011797751952411,1,0,B1
P2_lambdavar,re700_e2_l5\seed_2,,,,700,2.0,5.0,re700_e2_l5,2,B1_Mode2,,1.99271633183072,0.9999999999999998,4.391922102429182e-16,0.0020794498225758,0.0910357470740956,0.962194488349512,1.958254667468752,0.0210247968213199,1,0,B1
P2_lambdavar,re700_e2_l5\seed_3,,,,700,2.0,5.0,re700_e2_l5,3,B1_Mode2,,1.8614025209691936,1.0,3.7624342058130983e-16,0.0078409631164632,0.1708519154812798,0.9275453285157778,1.858243909077852,0.0278481778058731,1,0,B1
P2_lambdavar,re700_e2_l5\seed_4,,,,700,2.0,5.0,re700_e2_l5,4,B2_temporal,,1.9506073753912043,1.0000000000000002,4.724844242756898e-16,0.0002387303725907,-0.0305178382427513,0.0079437062760044,0.1760400639054394,0.9893759617828126,0,1,B2
P2_09,expA_m1\re500_e0.25\seed_0,A,m1,1.0,500,0.25,1.0,,0,B3_mixed,3.0,0.2618681455808538,1.0000000000000002,5.99417877070276e-17,1.0000000000000002,0.7236962699653133,0.0,0.0,0.0,0,0,B_first
P2_09,expA_m1\re500_e0.25\seed_1,A,m1,1.0,500,0.25,1.0,,1,B3_mixed,3.0,0.261654684849023,1.0,1.4686870114880517e-17,1.0,0.7234012508269847,0.0,0.0,0.0,0,0,B_first
P2_09,expA_m1\re500_e0.25\seed_10,A,m1,1.0,500,0.25,1.0,,10,B3_mixed,3.0,0.2526208056360821,1.0,1.5202354861220293e-17,1.0,0.7108034969470566,0.0,0.0,0.0,0,0,B_first
P2_09,expA_m1\re500_e0.25\seed_11,A,m1,1.0,500,0.25,1.0,,11,B3_mixed,3.0,0.2465337498286998,1.0000000000000002,1.8410966031475738e-17,1.0000000000000002,0.7021876527377847,0.0,0.0,0.0,0,0,B_first
P2_09,expA_m1\re500_e0.25\seed_2,A,m1,1.0,500,0.25,1.0,,2,B3_mixed,3.0,0.2516461447340659,1.0,1.7109685898544714e-17,1.0,0.7094309617349188,0.0,0.0,0.0,0,0,B_first
P2_09,expA_m1\re500_e0.25\seed_3,A,m1,1.0,500,0.25,1.0,,3,B3_mixed,3.0,0.2573318954037159,0.9999999999999998,5.986442495887687e-17,0.9999999999999998,0.7174007184324753,0.0,0.0,0.0,0,0,B_first
P2_09,expA_m1\re500_e0.25\seed_4,A,m1,1.0,500,0.25,1.0,,4,B3_mixed,3.0,0.255335110074086,1.0,1.962615573354719e-17,1.0,0.7146119367518093,0.0,0.0,0.0,0,0,B_first
P2_09,expA_m1\re500_e0.25\seed_5,A,m1,1.0,500,0.25,1.0,,5,B3_mixed,3.0,0.2720067042207589,1.0000000000000004,8.329328556453434e-17,1.0000000000000004,0.7375726462129124,0.0,0.0,0.0,0,0,B_first
P2_09,expA_m1\re500_e0.25\seed_6,A,m1,1.0,500,0.25,1.0,,6,B3_mixed,3.0,0.2566130918506036,1.0000000000000004,8.226120180790856e-17,1.0000000000000004,0.7163980623237387,0.0,0.0,0.0,0,0,B_first
P2_09,expA_m1\re500_e0.25\seed_7,A,m1,1.0,500,0.25,1.0,,7,B3_mixed,3.0,0.264424988615844,1.0,2.0770370905276127e-17,1.0,0.7272207211237095,0.0,0.0,0.0,0,0,B_first
P2_09,expA_m1\re500_e0.25\seed_8,A,m1,1.0,500,0.25,1.0,,8,B3_mixed,3.0,0.259429049085765,0.9999999999999996,8.646878771343566e-17,0.9999999999999996,0.720318053481606,0.0,0.0,0.0,0,0,B_first
P2_09,expA_m1\re500_e0.25\seed_9,A,m1,1.0,500,0.25,1.0,,9,B3_mixed,3.0,0.263543955348101,1.0000000000000002,1.8410966031475738e-17,1.0000000000000002,0.7260082029124755,0.0,0.0,0.0,0,0,B_first
P2_09,expB_m2\re500_e0.25\seed_0,B,m2,1.0,500,0.25,1.0,,0,B1_Mode2,1.0,0.2651861503194108,0.9999999999999998,5.535976636945641e-17,0.0003864909796517,0.0143172661515397,0.9996135090203482,0.7281258933239276,0.0,1,0,B1
P2_09,expB_m2\re500_e0.25\seed_1,B,m2,1.0,500,0.25,1.0,,1,B1_Mode2,1.0,0.2724202524016902,1.0,4.0152759614940105e-17,0.0041746454734047,0.0476918855478057,0.9958253545265952,0.7365907879252057,0.0,1,0,B1
P2_09,expB_m2\re500_e0.25\seed_10,B,m2,1.0,500,0.25,1.0,,10,B1_Mode2,1.0,0.2647088462776217,1.0,5.258244171214309e-17,0.0239544704440269,-0.1126140331790825,0.976045529555973,0.7188433571275344,0.0,1,0,B1
P2_09,expB_m2\re500_e0.25\seed_11,B,m2,1.0,500,0.25,1.0,,11,B1_Mode2,1.0,0.2624770614968377,1.0000000000000002,4.006272416353777e-17,0.0013377284024774,0.0264999252890699,0.9986622715975229,0.724052399314683,0.0,1,0,B1
P2_09,expB_m2\re500_e0.25\seed_2,B,m2,1.0,500,0.25,1.0,,2,B1_Mode2,1.0,0.257592561687379,1.0000000000000002,3.121104527791384e-17,1.5522318703647096e-05,-0.0028278733487199,0.9999844776812966,0.7177584039961369,0.0,1,0,B1
P2_09,expB_m2\re500_e0.25\seed_3,B,m2,1.0,500,0.25,1.0,,3,B1_Mode2,1.0,0.258110860470555,1.0000000000000002,3.7949231989210754e-17,0.0196876253146306,-0.1008125975320663,0.9803123746853696,0.7113779172282112,0.0,1,0,B1
P2_09,expB_m2\re500_e0.25\seed_4,B,m2,1.0,500,0.25,1.0,,4,B1_Mode2,1.0,0.2747327892007801,0.9999999999999998,4.6822432897871466e-17,0.0055505681308481,0.0552254119810232,0.9944494318691516,0.7391993860069734,0.0,1,0,B1
P2_09,expB_m2\re500_e0.25\seed_5,B,m2,1.0,500,0.25,1.0,,5,B1_Mode2,1.0,0.2641982603235374,1.0,2.835994358896608e-17,0.0003693288339681,-0.0139696839922526,0.999630671166032,0.7267746339658749,0.0,1,0,B1
P2_09,expB_m2\re500_e0.25\seed_6,B,m2,1.0,500,0.25,1.0,,6,B1_Mode2,1.0,0.2590733750594776,1.0000000000000004,9.602223304075139e-17,0.0077019231983872,0.0631721970087328,0.9922980768016132,0.7170467374195668,0.0,1,0,B1
P2_09,expB_m2\re500_e0.25\seed_7,B,m2,1.0,500,0.25,1.0,,7,B1_Mode2,1.0,0.2553688829299332,1.0,2.4207940244691998e-17,0.0035135101079242,0.0423613302771204,0.9964864898920758,0.7134026097212003,0.0,1,0,B1
P2_09,expB_m2\re500_e0.25\seed_8,B,m2,1.0,500,0.25,1.0,,8,B1_Mode2,1.0,0.2675290552644969,0.9999999999999998,1.141883622222712e-16,3.168609452302787e-07,0.0004117511610856,0.9999996831390546,0.7314765484894065,0.0,1,0,B1
P2_09,expB_m2\re500_e0.25\seed_9,B,m2,1.0,500,0.25,1.0,,9,B1_Mode2,1.0,0.2529718431983989,1.0000000000000002,3.154145188315737e-17,0.0034981447134604,0.0420697543596064,0.9965018552865398,0.7100519855369185,0.0,1,0,B1
P2_09,expC_init\re500_e0.25\init_k1\seed_0,C,k1,1.0,500,0.25,1.0,,0,B1_Mode2,1.0,0.2573088774996798,1.0,1.5040925305184318e-16,2.915415375592386e-06,-0.001224877347116,0.8134756735441502,-0.6470154749817677,0.0924864388752455,1,0,B1
P2_09,expC_init\re500_e0.25\init_k1\seed_1,C,k1,1.0,500,0.25,1.0,,1,B1_Mode2,1.0,0.2645857496098174,1.0,1.4279217422256318e-16,0.000818808300388,-0.0208156195173194,0.9444884584783604,-0.7069627808934752,0.0130278832919321,1,0,B1
P2_09,expC_init\re500_e0.25\init_k1\seed_10,C,k1,1.0,500,0.25,1.0,,10,B1_Mode2,1.0,0.26760201901566,0.9999999999999998,1.6394773333018856e-16,0.0031328113550941,-0.0409474454348099,0.8428635258953221,-0.6716427343227145,0.1208656285532121,1,0,B1
P2_09,expC_init\re500_e0.25\init_k1\seed_11,C,k1,1.0,500,0.25,1.0,,11,B1_Mode2,1.0,0.26560082229978,1.0000000000000004,1.6784830070814019e-16,0.0092789465742393,0.0702067780231183,0.875833316277182,0.6820880427052842,0.0226154241750591,1,0,B1
P2_09,expC_init\re500_e0.25\init_k1\seed_2,C,k1,1.0,500,0.25,1.0,,2,B1_Mode2,1.0,0.2671906992167047,1.0,1.4381559928506492e-16,0.0010439630100788,0.0236193652166752,0.918791778888578,0.7007033863708653,0.0072610818631083,1,0,B1
P2_09,expC_init\re500_e0.25\init_k1\seed_3,C,k1,1.0,500,0.25,1.0,,3,B2_temporal,2.0,0.2683543241385024,0.9999999999999998,1.5483501758388846e-16,0.003349009268399,0.0423962526352223,0.0001622401877925,-0.0093314367535952,0.9957773548408744,0,1,B2
P2_09,expC_init\re500_e0.25\init_k1\seed_4,C,k1,1.0,500,0.25,1.0,,4,B2_temporal,2.0,0.2477544102640351,1.0000000000000002,1.6299057159073975e-16,0.0006046631280886,0.0173094168999419,0.1945841733352234,-0.3105127601609411,0.7965029752329318,0,1,B2
P2_09,expC_init\re500_e0.25\init_k1\seed_5,C,k1,1.0,500,0.25,1.0,,5,B2_temporal,2.0,0.2502340203511283,1.0,1.5011885591627466e-16,0.0004853449005681,-0.0155852369713192,0.1436989052703011,-0.2681729098393176,0.836272538844271,0,1,B2
P2_09,expC_init\re500_e0.25\init_k1\seed_6,C,k1,1.0,500,0.25,1.0,,6,B2_temporal,2.0,0.2515067684584336,0.9999999999999998,1.7839337300223831e-16,0.0022972060125402,-0.0339930245990934,0.1088779800281404,-0.2340237121026819,0.8789039952704588,0,1,B2
P2_09,expC_init\re500_e0.25\init_k1\seed_7,C,k1,1.0,500,0.25,1.0,,7,B2_temporal,2.0,0.2414134227706181,0.9999999999999998,1.7214189092806799e-16,0.0005119864385248,-0.015722620553612,0.0275337468953568,0.1152997491732568,0.9713446720003268,0,1,B2
P2_09,expC_init\re500_e0.25\init_k1\seed_8,C,k1,1.0,500,0.25,1.0,,8,B1_Mode2,1.0,0.2507394174772986,0.9999999999999998,1.5951536417835263e-16,0.0136511079981192,-0.0827389976657697,0.8705438319886964,-0.660726347773874,0.0325086352012257,1,0,B1
P2_09,expC_init\re500_e0.25\init_k1\seed_9,C,k1,1.0,500,0.25,1.0,,9,B1_Mode2,1.0,0.2548721618604325,1.0,1.4514103787539207e-16,0.0023319437261974,-0.0344774575290237,0.9300694367082456,-0.688547468246228,0.0144014183134868,1,0,B1
P2_09,expC_init\re500_e0.25\init_k2\seed_0,C,k2,1.0,500,0.25,1.0,,0,B1_Mode2,1.0,0.2699700621677641,0.9999999999999998,1.8057023216155883e-16,0.0043522117203044,-0.0484761151227666,0.9201164329114532,0.7048459272701891,0.0076964909351826,1,0,B1
P2_09,expC_init\re500_e0.25\init_k2\seed_1,C,k2,1.0,500,0.25,1.0,,1,B1_Mode2,1.0,0.2691860024742708,1.0000000000000002,1.4416635804781292e-16,1.8415978920151445e-05,0.0031487533238302,0.9005840656425728,0.6963111725692048,0.020028085282548,1,0,B1
P2_09,expC_init\re500_e0.25\init_k2\seed_10,C,k2,1.0,500,0.25,1.0,,10,B1_Mode2,1.0,0.283433435698961,1.0,1.4359183836036604e-16,0.006067487494155,0.0586468895429048,0.8862353063777099,0.7087858882968194,0.0178565945086382,1,0,B1
P2_09,expC_init\re500_e0.25\init_k2\seed_11,C,k2,1.0,500,0.25,1.0,,11,B1_Mode2,1.0,0.2658771523796754,1.0,1.4136782019788498e-16,0.0098824995827816,0.072491804329363,0.8829069648423795,0.6851930963290189,0.0060825401873824,1,0,B1
P2_09,expC_init\re500_e0.25\init_k2\seed_2,C,k2,1.0,500,0.25,1.0,,2,B1_Mode2,1.0,0.25623595853523,1.0000000000000002,1.7286010673335242e-16,0.0027404442074944,0.0374753345100392,0.8983737330058547,0.6785214139577733,0.0487535374773626,1,0,B1
P2_09,expC_init\re500_e0.25\init_k2\seed_3,C,k2,1.0,500,0.25,1.0,,3,B1_Mode2,1.0,0.2411026672486958,1.0,1.437840565325057e-16,0.0062314353715859,0.0548163422507782,0.915156601802377,0.6642991760416472,0.0145600210657533,1,0,B1
P2_09,expC_init\re500_e0.25\init_k2\seed_4,C,k2,1.0,500,0.25,1.0,,4,B1_Mode2,1.0,0.2554073836605131,1.0,1.5396103163352882e-16,0.003555744499123,-0.0426183856917713,0.9139664376517548,0.6832770691222619,0.0274171284711016,1,0,B1
P2_09,expC_init\re500_e0.25\init_k2\seed_5,C,k2,1.0,500,0.25,1.0,,5,B1_Mode2,1.0,0.2657112363375615,1.0,1.4006696856426823e-16,0.0007443626678716,0.019888968035758,0.8617829132978134,0.6767354037538565,0.0784465122955561,1,0,B1
P2_09,expC_init\re500_e0.25\init_k2\seed_6,C,k2,1.0,500,0.25,1.0,,6,B1_Mode2,1.0,0.2625218331792682,1.0000000000000004,1.6020199989536404e-16,0.0051501467117084,-0.0520004991495249,0.9073622040169864,0.6902208185155247,0.0167576639224647,1,0,B1
P2_09,expC_init\re500_e0.25\init_k2\seed_7,C,k2,1.0,500,0.25,1.0,,7,B1_Mode2,1.0,0.2527491602460188,1.0,1.6866246206886766e-16,0.0027585195531507,-0.0373420272770793,0.924994429499228,0.6838005049547348,0.0092665957338504,1,0,B1
P2_09,expC_init\re500_e0.25\init_k2\seed_8,C,k2,1.0,500,0.25,1.0,,8,B1_Mode2,1.0,0.2567685498992322,1.0000000000000004,1.8528895403188948e-16,0.0021024329382166,0.0328584435664953,0.9147063429152948,0.6853726304047896,0.0401450362296088,1,0,B1
P2_09,expC_init\re500_e0.25\init_k2\seed_9,C,k2,1.0,500,0.25,1.0,,9,B1_Mode2,1.0,0.2572514797036933,1.0,1.4800914214153302e-16,0.0020477630692506,0.0324588995391804,0.8830059141808261,0.6740245960054128,0.0216035855929182,1,0,B1
P2_09,expD_traj\re500_e0.25\seed_4,D,default,1.0,500,0.25,1.0,,4,B3_mixed,3.0,0.2500548814646735,1.0,1.566056391502684e-16,0.0026343496189904,0.03629688641504,0.343114558411581,-0.414240196582639,0.6372618676384598,0,1,B3
P2_09,expD_traj\re500_e0.25\seed_7,D,default,1.0,500,0.25,1.0,,7,B1_Mode2,1.0,0.2503518947521894,1.0,1.432178278468905e-16,0.0079792575842759,-0.0632079465722348,0.9274013187426868,0.6814347765456512,0.0112925462728975,1,0,B1
P2_09,expD_traj\re500_e0.25\seed_8,D,default,1.0,500,0.25,1.0,,8,B2_temporal,2.0,0.2509590419958604,1.0,1.6922500389569963e-16,0.0002084494104331,-0.0102286132341491,0.0340721571474337,0.1307724429415646,0.9625302914286836,0,1,B2
P2_09,expT_temporal\re500_e0.25_tau2\seed_10,T,tau2,2.0,500,0.25,1.0,,10,B2_temporal,2.0,0.2954602108023172,1.0,1.842674245932045e-16,0.0031738154782151,-0.043306724425685,0.0228497338603087,0.1161997175826487,0.973770498159113,0,1,B2
P2_09,expT_temporal\re500_e0.25_tau2\seed_5,T,tau2,2.0,500,0.25,1.0,,5,B2_temporal,2.0,0.2471279100413793,1.0,1.681419071882901e-16,0.0001015066953242,0.0070830978350843,0.0005471935148412,-0.0164454729157247,0.998476661748497,0,1,B2
P2_09,expT_temporal\re500_e0.25_tau2\seed_8,T,tau2,2.0,500,0.25,1.0,,8,B2_temporal,2.0,0.2528670999153153,1.0,1.8366228334086687e-16,0.000473539627748,-0.0154753088734039,0.0513958055409053,0.1612222583574626,0.9466320591801048,0,1,B2
C1,re500_e0.25\seed_0,baseline,default,1.0,500,0.25,1.0,,0,B3_mixed,3.0,0.2389164768125805,1.0,1.4382426476027802e-16,0.0055105869672253,0.0513141310630669,0.4941418410836702,-0.4859189803195436,0.4719580779138602,1,0,B3
C1,re500_e0.25\seed_1,baseline,default,1.0,500,0.25,1.0,,1,B1_Mode2,1.0,0.2671071859104311,1.0000000000000002,1.473982469451445e-16,3.452383476423272e-06,0.00135805481117,0.9108764919030196,0.6975695756900255,0.012506321562187,1,0,B1
C1,re500_e0.25\seed_10,baseline,default,1.0,500,0.25,1.0,,10,B2_temporal,2.0,0.2932224993340582,0.9999999999999996,1.946677272291176e-16,0.0059098658304643,-0.0588711411395719,0.0120230053611017,0.0839692286672807,0.9798591442754028,0,1,B2
C1,re500_e0.25\seed_11,baseline,default,1.0,500,0.25,1.0,,11,B1_Mode2,1.0,0.2667109761508976,1.0,1.4450804414609368e-16,0.0108186136932702,0.0759663480592765,0.8684832194233701,0.6806379466692718,0.0152546669955998,1,0,B1
C1,re500_e0.25\seed_12,baseline,default,1.0,500,0.25,1.0,,12,B1_Mode2,1.0,0.2382125970517929,1.0000000000000002,1.4063926005883854e-16,0.0011393120529271,-0.0232980034758428,0.7897832258943244,0.6134106509480086,0.1942858228877269,1,0,B1
C1,re500_e0.25\seed_13,baseline,default,1.0,500,0.25,1.0,,13,B1_Mode2,1.0,0.2551789100785887,0.9999999999999998,1.7065392089351566e-16,0.0011148222580027,-0.0238528458984878,0.8793264634214791,0.669903826738067,0.0410928015417765,1,0,B1
C1,re500_e0.25\seed_14,baseline,default,1.0,500,0.25,1.0,,14,B2_temporal,2.0,0.2497807736698519,1.0000000000000002,1.5282214567802863e-16,0.0011864108896,0.0243451280503773,0.0355286326807591,0.1332243923493892,0.958585209127636,0,1,B2
C1,re500_e0.25\seed_15,baseline,default,1.0,500,0.25,1.0,,15,B3_mixed,3.0,0.2741974315572189,1.0,1.5979197616498724e-16,1.8384148247367208e-05,0.0031751806974706,0.5786663386241127,0.563327300562207,0.3998372088017537,1,0,B3
C1,re500_e0.25\seed_16,baseline,default,1.0,500,0.25,1.0,,16,B2_temporal,2.0,0.2538519471585085,1.0000000000000002,1.5404347581696563e-16,0.0038440414414338,0.044177311028762,1.917672502279261e-06,-0.0009867166753591,0.9959891269191304,0,1,B2
C1,re500_e0.25\seed_17,baseline,default,1.0,500,0.25,1.0,,17,B2_temporal,2.0,0.2528254048357828,1.0,1.7565579037926507e-16,0.0010432685908716,-0.0229680127063519,9.015966427890154e-05,-0.0067519854296601,0.998721435984215,0,1,B2
C1,re500_e0.25\seed_18,baseline,default,1.0,500,0.25,1.0,,18,B2_temporal,2.0,0.2413166570144182,1.0,1.4503972848283168e-16,0.0003247226301721,0.0125188641313869,0.0636064633381946,0.1752101543705916,0.9330987369819652,0,1,B2
C1,re500_e0.25\seed_19,baseline,default,1.0,500,0.25,1.0,,19,B1_Mode2,1.0,0.2573427770899524,1.0,1.3969764810788972e-16,0.0011490693478944,-0.0243189102163772,0.8918629606767541,0.6775167763003702,0.009499893325813,1,0,B1
C1,re500_e0.25\seed_2,baseline,default,1.0,500,0.25,1.0,,2,B1_Mode2,1.0,0.2573668232329403,1.0,1.4364107254927692e-16,0.0028536939665265,0.0383261307894221,0.8938169795857812,0.6782902573200568,0.0435494439278009,1,0,B1
C1,re500_e0.25\seed_20,baseline,default,1.0,500,0.25,1.0,,20,B1_Mode2,1.0,0.2589541827675666,1.0,1.535530678895509e-16,0.0006107121659352,-0.0177846264979604,0.8845171709035948,0.6768299951024932,0.0349118141509943,1,0,B1
C1,re500_e0.25\seed_21,baseline,default,1.0,500,0.25,1.0,,21,B1_Mode2,1.0,0.2584426161862293,1.0000000000000002,1.5601185386797512e-16,0.0012157937671564,0.0250684232422708,0.9128929162438476,0.6869212961787344,0.0356853312981435,1,0,B1
C1,re500_e0.25\seed_22,baseline,default,1.0,500,0.25,1.0,,22,B1_Mode2,1.0,0.2483916803802156,1.0,1.4081557778996591e-16,2.794135162199961e-09,-3.725694373263311e-05,0.8817556488381963,0.6618470628471006,0.0571481804093236,1,0,B1
C1,re500_e0.25\seed_23,baseline,default,1.0,500,0.25,1.0,,23,B2_temporal,2.0,0.2459275964825852,1.0000000000000002,1.6179732586288244e-16,4.915043750044773e-05,-0.0049167975269585,0.1800562665307827,0.2975930270001068,0.818675407844435,0,1,B2
C1,re500_e0.25\seed_24,baseline,default,1.0,500,0.25,1.0,,24,B1_Mode2,1.0,0.2609406705091762,0.9999999999999998,1.427458043972275e-16,0.0006901717399381,-0.0189786130465818,0.6677717758278452,0.5903368782849692,0.2904681266800076,1,0,B1
C1,re500_e0.25\seed_25,baseline,default,1.0,500,0.25,1.0,,25,B1_Mode2,1.0,0.2398192731104099,1.0,1.40651951875834e-16,0.0005804267255877,-0.0166851739831696,0.7451369030192279,0.5978263802306039,0.2179561615012985,1,0,B1
C1,re500_e0.25\seed_26,baseline,default,1.0,500,0.25,1.0,,26,B1_Mode2,1.0,0.2618091739171336,1.0,1.4011471140272006e-16,0.0022795731267426,-0.0345488974410523,0.9028858093157356,0.6875809594199878,0.0253112883922916,1,0,B1
C1,re500_e0.25\seed_27,baseline,default,1.0,500,0.25,1.0,,27,B1_Mode2,1.0,0.2415102548581797,1.0000000000000002,1.4467860104256436e-16,0.0099518192414458,0.0693320474427824,0.8976473030607225,0.6584694813504309,0.0146903156530743,1,0,B1
C1,re500_e0.25\seed_28,baseline,default,1.0,500,0.25,1.0,,28,B2_temporal,2.0,0.2724643346275625,1.0,1.6449890502935138e-16,0.0078193069263605,-0.0652760638969524,0.0569290341151858,-0.1761313793801883,0.9291520415448862,0,1,B2
C1,re500_e0.25\seed_29,baseline,default,1.0,500,0.25,1.0,,29,B2_temporal,2.0,0.2577052066784311,1.0,1.5192803142918504e-16,7.152213759236298e-05,0.0060715117146099,0.0263540145970426,0.1165467011848663,0.967788624440245,0,1,B2
C1,re500_e0.25\seed_3,baseline,default,1.0,500,0.25,1.0,,3,B2_temporal,2.0,0.2679149954965574,1.0000000000000002,1.5564649878185483e-16,0.0017365476302297,-0.0305040046725854,0.0204596948166097,0.1047039545065316,0.9775970679627246,0,1,B2
C1,re500_e0.25\seed_30,baseline,default,1.0,500,0.25,1.0,,30,B1_Mode2,1.0,0.238417606558356,1.0,1.5721450591980651e-16,7.97376211247304e-05,0.006166174305226,0.654946829152659,0.5588396110326495,0.2995600548480238,1,0,B1
C1,re500_e0.25\seed_31,baseline,default,1.0,500,0.25,1.0,,31,B1_Mode2,1.0,0.249337932468441,1.0,1.6155151342711586e-16,0.0002260917032274,0.0106182143349069,0.8822590688993038,0.6632957894346749,0.0626562534583159,1,0,B1
C1,re500_e0.25\seed_32,baseline,default,1.0,500,0.25,1.0,,32,B1_Mode2,1.0,0.2663757834260229,1.0000000000000004,1.6596940719535084e-16,0.0043769863827247,-0.048289194997294,0.8816974154877666,0.6853653621175402,0.0170653308671072,1,0,B1
C1,re500_e0.25\seed_33,baseline,default,1.0,500,0.25,1.0,,33,B1_Mode2,1.0,0.2596277696936826,1.0,1.4881619962537707e-16,0.0185625931787223,-0.0981770305796915,0.8128735911706154,0.6496838577624062,0.018336198141393,1,0,B1
C1,re500_e0.25\seed_34,baseline,default,1.0,500,0.25,1.0,,34,B2_temporal,2.0,0.2581021828572351,1.0,1.5428415360006622e-16,0.0016071772917557,0.0288033320031118,0.0407982634634558,0.1451214722685967,0.955744657615539,0,1,B2
C1,re500_e0.25\seed_35,baseline,default,1.0,500,0.25,1.0,,35,B1_Mode2,1.0,0.2665557429818258,1.0000000000000002,1.6141438726131292e-16,4.132151743141968e-06,0.0014842161419462,0.8777206770556134,0.6840489561472486,0.0595351685018805,1,0,B1
C1,re500_e0.25\seed_36,baseline,default,1.0,500,0.25,1.0,,36,B1_Mode2,1.0,0.2645028633953249,1.0000000000000002,1.4726990246455672e-16,0.0010587646028417,-0.0236662742785275,0.9201397610722108,0.697681304791077,0.0146913297602666,1,0,B1
C1,re500_e0.25\seed_37,baseline,default,1.0,500,0.25,1.0,,37,B1_Mode2,1.0,0.2507579508998699,1.0000000000000002,1.3688178047796031e-16,0.0077739563588906,-0.0624400731412198,0.87439573714424,0.6622109683807282,0.0141504198992011,1,0,B1
C1,re500_e0.25\seed_38,baseline,default,1.0,500,0.25,1.0,,38,B1_Mode2,1.0,0.2592085847795601,1.0,1.3896756535757195e-16,0.007233858636451,-0.0612385215309755,0.8792498786321349,0.6751431206904736,0.0190402829699389,1,0,B1
C1,re500_e0.25\seed_39,baseline,default,1.0,500,0.25,1.0,,39,B1_Mode2,1.0,0.272692209666401,1.0,1.49900168088029e-16,0.0155409690425795,0.0920641210089809,0.88433099470322,0.6944784705404587,0.0148312223164494,1,0,B1
C1,re500_e0.25\seed_4,baseline,default,1.0,500,0.25,1.0,,4,B3_mixed,3.0,0.250331372894504,1.0,1.5725536976158988e-16,0.0032286235907766,0.0402051184810766,0.5015278719525549,-0.5010951221689193,0.4711693642379821,1,0,B3
C1,re500_e0.25\seed_40,baseline,default,1.0,500,0.25,1.0,,40,B1_Mode2,1.0,0.2414845059851331,1.0,1.5529959368252856e-16,0.0011251174932194,-0.0233108748023461,0.9037009675307084,0.6606508634709258,0.0093372249666543,1,0,B1
C1,re500_e0.25\seed_41,baseline,default,1.0,500,0.25,1.0,,41,B1_Mode2,1.0,0.260252957937262,1.0000000000000002,1.724194717685137e-16,0.0011638397595311,0.0246127097241641,0.8975744686872565,0.6835150480345329,0.0088318802231944,1,0,B1
C1,re500_e0.25\seed_42,baseline,default,1.0,500,0.25,1.0,,42,B1_Mode2,1.0,0.2536868968482597,1.0,1.6357356031510515e-16,1.058467356864374e-05,-0.0023174093258555,0.9239640413801266,0.6846861623504616,0.0120784455441534,1,0,B1
C1,re500_e0.25\seed_43,baseline,default,1.0,500,0.25,1.0,,43,B1_Mode2,1.0,0.2540957538449069,1.0,1.4192119816843367e-16,0.001308750853248,0.0257894565530657,0.8760565847220801,0.6672364772788603,0.0969141537574389,1,0,B1
C1,re500_e0.25\seed_44,baseline,default,1.0,500,0.25,1.0,,44,B1_Mode2,1.0,0.241362831794127,0.9999999999999998,1.5349726194990348e-16,0.0013801998578893,0.0258119718790345,0.8863528640041028,0.6541141142413379,0.0607441160352873,1,0,B1
C1,re500_e0.25\seed_45,baseline,default,1.0,500,0.25,1.0,,45,B2_temporal,2.0,0.2815915933914337,0.9999999999999996,2.0869797688011223e-16,0.0005166127472584,-0.0170571865597371,0.0001252318281661,-0.0083981224135676,0.9992267830360108,0,1,B2
C1,re500_e0.25\seed_46,baseline,default,1.0,500,0.25,1.0,,46,B2_temporal,2.0,0.2476322925872261,1.0,1.7203695503778943e-16,0.0006508121612611,0.017953390071891,0.039391076743785,-0.1396746408017065,0.9577729655499354,0,1,B2
C1,re500_e0.25\seed_47,baseline,default,1.0,500,0.25,1.0,,47,B1_Mode2,1.0,0.2475212297667915,1.0000000000000002,1.4413975854911502e-16,0.0001130111007586,-0.0074796586335311,0.9144115749844344,0.6728094493289105,0.024659880096962,1,0,B1
C1,re500_e0.25\seed_48,baseline,default,1.0,500,0.25,1.0,,48,B1_Mode2,1.0,0.2511862225893824,1.0,1.4282903988670244e-16,0.0005870512217047,0.0171731871734105,0.8918939657719545,0.669375046162495,0.0210196435344165,1,0,B1
C1,re500_e0.25\seed_49,baseline,default,1.0,500,0.25,1.0,,49,B2_temporal,2.0,0.2489387296790361,1.0000000000000002,1.6324240141794906e-16,0.0038467827388962,0.0437632998840825,0.1404268142457541,0.2644151007458236,0.8508669594311863,0,1,B2
C1,re500_e0.25\seed_5,baseline,default,1.0,500,0.25,1.0,,5,B2_temporal,2.0,0.2450568972570939,1.0,1.5846071853915161e-16,9.87381261473828e-05,0.0069565018270186,3.955360327279108e-05,0.0044029270476282,0.9980349069868832,0,1,B2
C1,re500_e0.25\seed_6,baseline,default,1.0,500,0.25,1.0,,6,B1_Mode2,1.0,0.2647335363480681,1.0,1.3960281936642767e-16,0.0156324336618028,-0.0909772438032242,0.8695219480813784,0.6785154681329595,0.0090403311703929,1,0,B1
C1,re500_e0.25\seed_7,baseline,default,1.0,500,0.25,1.0,,7,B1_Mode2,1.0,0.249488787262487,1.0,1.498446505809339e-16,0.0095766319214193,-0.0691268729819905,0.9069728593777447,0.6727251426342615,0.0156350490466104,1,0,B1
C1,re500_e0.25\seed_8,baseline,default,1.0,500,0.25,1.0,,8,B2_temporal,2.0,0.2504911795056795,1.0,1.5954407303495895e-16,0.0002011827969036,-0.0100393740933027,0.0262938847982819,0.1147726989915989,0.9701904128516236,0,1,B2
C1,re500_e0.25\seed_9,baseline,default,1.0,500,0.25,1.0,,9,B2_temporal,2.0,0.2643807034825562,1.0,1.5892323317840984e-16,0.0031991540623305,-0.041128933892043,0.0018208302586107,-0.0310287732498023,0.9943593057378544,0,1,B2
C2,lambda_0\seed_0,lambda_sweep,default,1.0,500,0.25,0.0,,0,B3_mixed,3.0,0.2502679291568964,0.9999999999999998,1.3969316468504046e-16,0.9028162189029212,0.672229046551982,0.0032063013286279,0.0400608136155203,0.0520047098083629,0,0,B_first
C2,lambda_0\seed_1,lambda_sweep,default,1.0,500,0.25,0.0,,1,B3_mixed,3.0,0.2468276285643654,1.0000000000000002,1.379118290069709e-16,0.9364333094037102,0.6799082483229608,0.0001338358407191,-0.0081282695798835,0.0297458065333936,0,0,B_first
C2,lambda_0\seed_2,lambda_sweep,default,1.0,500,0.25,0.0,,2,B3_mixed,3.0,0.2455719982431759,1.0,1.3757902981907383e-16,0.9098210738736076,0.668470760998406,0.0002444693344941,0.010957629577688,0.0471733196034571,0,0,B_first
C2,lambda_0\seed_3,lambda_sweep,default,1.0,500,0.25,0.0,,3,B3_mixed,3.0,0.2602276517456898,1.0,1.4733299149241755e-16,0.9284901381210836,0.6951529447715529,0.0005034726775119,0.0161874959513237,0.0338957110538654,0,0,B_first
C2,lambda_0\seed_4,lambda_sweep,default,1.0,500,0.25,0.0,,4,B3_mixed,3.0,0.2522519046241636,0.9999999999999998,1.50822289637757e-16,0.9257508476070212,0.6834067815237201,1.3023335150343246e-05,-0.0025632639724511,0.0403440473473662,0,0,B_first
C2,lambda_0\seed_5,lambda_sweep,default,1.0,500,0.25,0.0,,5,B3_mixed,3.0,0.2481199289248165,1.0000000000000004,1.6376121229446883e-16,0.9074352265106675,0.6710480815943096,0.002970672012793,0.0383948675912067,0.0443358974108475,0,0,B_first
C2,lambda_0\seed_6,lambda_sweep,default,1.0,500,0.25,0.0,,6,B3_mixed,3.0,0.2511759532896501,1.0,1.4830085900255166e-16,0.898695585722647,0.6719088040219243,0.005166121078936,0.0509432112613943,0.0541636509921936,0,0,B_first
C2,lambda_0.0001\seed_0,lambda_sweep,default,1.0,500,0.25,0.0001,,0,B3_mixed,3.0,0.2501397080106587,1.0,1.4554061896653823e-16,0.9007610643532468,0.6712914562612745,0.0027701410045061,0.0372269327776414,0.0522998579792957,0,0,B_first
C2,lambda_0.0001\seed_1,lambda_sweep,default,1.0,500,0.25,0.0001,,1,B3_mixed,3.0,0.2469514030664221,1.0000000000000002,1.5210481156271582e-16,0.933372023080904,0.6789661710023176,9.124711445667363e-05,-0.006713211294282,0.0313048960784293,0,0,B_first
C2,lambda_0.0001\seed_2,lambda_sweep,default,1.0,500,0.25,0.0001,,2,B3_mixed,3.0,0.24568620509523,1.0,1.6044112888479478e-16,0.910276179135508,0.6687933911760624,0.0002768517681231,0.0116635037860914,0.0466643375210832,0,0,B_first
C2,lambda_0.0001\seed_3,lambda_sweep,default,1.0,500,0.25,0.0001,,3,B3_mixed,3.0,0.2599881886182855,0.9999999999999998,1.7197817181549622e-16,0.9314443848604465,0.6959375523975418,0.0007605887324043,0.0198868844629456,0.0322491405381707,0,0,B_first
C2,lambda_0.0001\seed_4,lambda_sweep,default,1.0,500,0.25,0.0001,,4,B3_mixed,3.0,0.2521351771309377,1.0000000000000002,1.687265761175699e-16,0.9308053261603652,0.685111327867032,4.102474665014089e-05,-0.0045483583331538,0.0378533429404547,0,0,B_first
C2,lambda_0.0001\seed_5,lambda_sweep,default,1.0,500,0.25,0.0001,,5,B3_mixed,3.0,0.2480647233114694,0.9999999999999998,1.6668662292256031e-16,0.904949850317235,0.670053929515678,0.0036021975279268,0.0422747710361258,0.0443735222615624,0,0,B_first
C2,lambda_0.0001\seed_6,lambda_sweep,default,1.0,500,0.25,0.0001,,6,B3_mixed,3.0,0.2509909779857856,0.9999999999999998,1.566043120608883e-16,0.8959668847450282,0.6706408944361092,0.0052101005172236,0.0511407513480631,0.0563235063394685,0,0,B_first
C2,lambda_0.001\seed_0,lambda_sweep,default,1.0,500,0.25,0.001,,0,B3_mixed,3.0,0.2506825881507759,1.0,1.490843568831091e-16,0.8900417283000602,0.6680089281026845,0.0036817278838823,0.0429638237310997,0.0590805329063087,0,0,B_first
C2,lambda_0.001\seed_1,lambda_sweep,default,1.0,500,0.25,0.001,,1,B3_mixed,3.0,0.2468606330321685,1.0000000000000002,1.4782903622653795e-16,0.927541596374715,0.6767178225002358,0.0002430070211383,-0.0109534348100933,0.0337490512834093,0,0,B_first
C2,lambda_0.001\seed_2,lambda_sweep,default,1.0,500,0.25,0.001,,2,B3_mixed,3.0,0.2452192024383942,1.0000000000000002,1.5082947134510694e-16,0.9035917009099768,0.6656996863858305,0.0005278927081153,0.0160903342946681,0.0490291307338816,0,0,B_first
C2,lambda_0.001\seed_3,lambda_sweep,default,1.0,500,0.25,0.001,,3,B3_mixed,3.0,0.2602319864663716,1.0000000000000002,1.6783759454796031e-16,0.9278040074577464,0.6949018346675875,0.0007378877800364,0.0195970407351793,0.0340830201118978,0,0,B_first
C2,lambda_0.001\seed_4,lambda_sweep,default,1.0,500,0.25,0.001,,4,B3_mixed,3.0,0.2523741189252468,1.0,1.5716647486534622e-16,0.9221177277972769,0.6822296520940561,0.0002997318833067,-0.0122999650376217,0.0415522448313486,0,0,B_first
C2,lambda_0.001\seed_5,lambda_sweep,default,1.0,500,0.25,0.001,,5,B3_mixed,3.0,0.2480375510160982,1.0000000000000002,1.6299851842187992e-16,0.9000715532883211,0.6682088652762559,0.003357751848339,0.0408129524877039,0.0467957889441732,0,0,B_first
C2,lambda_0.001\seed_6,lambda_sweep,default,1.0,500,0.25,0.001,,6,B3_mixed,3.0,0.2509295447586805,1.0000000000000002,1.56400195069436e-16,0.8905151965441916,0.6685156286423242,0.0051229984812934,0.0507052596228512,0.0591252704095313,0,0,B_first
C2,lambda_0.01\seed_0,lambda_sweep,default,1.0,500,0.25,0.01,,0,B3_mixed,3.0,0.2522648396489698,1.0,1.4493797103258386e-16,0.800038338248913,0.635329116460737,0.0024603045861989,0.0352320405859522,0.1053759869279437,0,0,B_first
C2,lambda_0.01\seed_1,lambda_sweep,default,1.0,500,0.25,0.01,,1,B3_mixed,3.0,0.2467385912906372,1.0000000000000002,1.4434723498846855e-16,0.8646958210019215,0.6532286410881187,0.0022931109043336,-0.0336392316858899,0.0549828869057528,0,0,B_first
C2,lambda_0.01\seed_2,lambda_sweep,default,1.0,500,0.25,0.01,,2,B3_mixed,3.0,0.241413553609723,1.0,1.5997463693572308e-16,0.8336716053564698,0.6344440476395503,0.0026382356091587,0.0356904982780216,0.0799513086506435,0,0,B_first
C2,lambda_0.01\seed_3,lambda_sweep,default,1.0,500,0.25,0.01,,3,B3_mixed,3.0,0.2625360194980738,0.9999999999999998,1.5952567601654176e-16,0.864589036951953,0.6737740930950652,0.0071809460936966,0.0614045112946819,0.0621731599873544,0,0,B_first
C2,lambda_0.01\seed_4,lambda_sweep,default,1.0,500,0.25,0.01,,4,B3_mixed,3.0,0.2539230927154428,1.0,1.483178278758339e-16,0.8579784618602218,0.6600917277451461,0.0033310017711707,-0.0411295093959629,0.0692738484339069,0,0,B_first
C2,lambda_0.01\seed_5,lambda_sweep,default,1.0,500,0.25,0.01,,5,B3_mixed,3.0,0.2454923976869517,1.0000000000000002,1.3965435902062452e-16,0.8303712640584228,0.6385136374174747,0.0064113920136215,0.0561061137120531,0.077143380559705,0,0,B_first
C2,lambda_0.01\seed_6,lambda_sweep,default,1.0,500,0.25,0.01,,6,B3_mixed,3.0,0.2496076614621971,1.0,1.4734508816740326e-16,0.8110442603124289,0.6363063117067485,0.0075518165098151,0.0614001833679112,0.0947576647091605,0,0,B_first
C2,lambda_0.1\seed_0,lambda_sweep,default,1.0,500,0.25,0.1,,0,B1_Mode2,1.0,0.255767989274606,1.0,1.6568874862269483e-16,0.0920193104466926,0.2169589546775441,0.600220719775264,-0.5541069330334643,0.1083658236138934,1,0,B1
C2,lambda_0.1\seed_1,lambda_sweep,default,1.0,500,0.25,0.1,,1,B1_Mode2,1.0,0.2486590562891667,1.0,1.5087814352303682e-16,0.003275987548167,0.0403634481218408,0.9057495193867624,-0.6711524725799327,0.0321056245680616,1,0,B1
C2,lambda_0.1\seed_2,lambda_sweep,default,1.0,500,0.25,0.1,,2,B1_Mode2,1.0,0.2622087812593985,1.0,1.3821560605351803e-16,0.0030061110128145,0.0397046270603453,0.901559631953139,0.6875999597543683,0.0151685999605353,1,0,B1
C2,lambda_0.1\seed_3,lambda_sweep,default,1.0,500,0.25,0.1,,3,B1_Mode2,1.0,0.2404649692249776,1.0,1.4926544602402748e-16,0.0018040163985417,0.0294551437870094,0.9132257121389584,0.662719839396638,0.0152928076661942,1,0,B1
C2,lambda_0.1\seed_4,lambda_sweep,default,1.0,500,0.25,0.1,,4,B1_Mode2,1.0,0.2462939298699395,1.0000000000000002,1.527786652049391e-16,0.0071359471600712,-0.0592881180237351,0.8367279215828639,0.641998454886848,0.0268208246413036,1,0,B1
C2,lambda_0.1\seed_5,lambda_sweep,default,1.0,500,0.25,0.1,,5,B1_Mode2,1.0,0.2609905336991548,1.0000000000000004,1.5417514456449382e-16,0.0006884725388558,0.0189570469933058,0.8835130007759552,0.6791001834820225,0.0255575743964763,1,0,B1
C2,lambda_0.1\seed_6,lambda_sweep,default,1.0,500,0.25,0.1,,6,B1_Mode2,1.0,0.2572051529857253,1.0,1.591908229189885e-16,0.0122489557144955,-0.0793787695604084,0.853641464421264,0.6626627852104414,0.0190711846341936,1,0,B1
C2,lambda_1\seed_0,lambda_sweep,default,1.0,500,0.25,1.0,,0,B3_mixed,3.0,0.2400456172272342,1.0000000000000002,1.4428056636626735e-16,0.0051105819304514,0.0495332775795339,0.5095100285303777,-0.4945819432248619,0.4523078537561122,1,0,B3
C2,lambda_1\seed_1,lambda_sweep,default,1.0,500,0.25,1.0,,1,B1_Mode2,1.0,0.2671071859104311,1.0000000000000002,1.473982469451445e-16,3.452383476423272e-06,0.00135805481117,0.9108764919030196,0.6975695756900255,0.012506321562187,1,0,B1
C2,lambda_1\seed_2,lambda_sweep,default,1.0,500,0.25,1.0,,2,B1_Mode2,1.0,0.2573668232329403,1.0,1.4364107254927692e-16,0.0028536939665265,0.0383261307894221,0.8938169795857812,0.6782902573200568,0.0435494439278009,1,0,B1
C2,lambda_1\seed_3,lambda_sweep,default,1.0,500,0.25,1.0,,3,B2_temporal,2.0,0.2679149954965574,1.0000000000000002,1.5564649878185483e-16,0.0017365476302297,-0.0305040046725854,0.0204596948166097,0.1047039545065316,0.9775970679627246,0,1,B2
C2,lambda_1\seed_4,lambda_sweep,default,1.0,500,0.25,1.0,,4,B3_mixed,3.0,0.250331372894504,1.0,1.5725536976158988e-16,0.0032286235907766,0.0402051184810766,0.5015278719525549,-0.5010951221689193,0.4711693642379821,1,0,B3
C2,lambda_1\seed_5,lambda_sweep,default,1.0,500,0.25,1.0,,5,B2_temporal,2.0,0.2450568972570939,1.0,1.5846071853915161e-16,9.87381261473828e-05,0.0069565018270186,3.955360327279108e-05,0.0044029270476282,0.9980349069868832,0,1,B2
C2,lambda_1\seed_6,lambda_sweep,default,1.0,500,0.25,1.0,,6,B1_Mode2,1.0,0.2647335363480681,1.0,1.3960281936642767e-16,0.0156324336618028,-0.0909772438032242,0.8695219480813784,0.6785154681329595,0.0090403311703929,1,0,B1
C2,lambda_10\seed_0,lambda_sweep,default,1.0,500,0.25,10.0,,0,B2_temporal,2.0,0.2918253587192291,0.9999999999999998,1.8569515206322847e-16,0.0046348399761915,0.0520108419208596,0.257861324816016,-0.3879445156571994,0.7252921400865939,0,1,B2
C2,lambda_10\seed_1,lambda_sweep,default,1.0,500,0.25,10.0,,1,B1_Mode2,1.0,0.3382364240441505,1.0,1.591559903052314e-16,1.615078276851223e-05,0.003305384397959,0.9175129007064556,0.7878277509066652,0.0155868762099962,1,0,B1
C2,lambda_10\seed_2,lambda_sweep,default,1.0,500,0.25,10.0,,2,B1_Mode2,1.0,0.3228066587253149,1.0,1.5946031393670003e-16,0.0019298616275357,0.0352979371574888,0.8838908425311464,0.7554149185121813,0.0688938883542256,1,0,B1
C2,lambda_10\seed_3,lambda_sweep,default,1.0,500,0.25,10.0,,3,B2_temporal,2.0,0.3364935267574848,0.9999999999999996,2.134111406372408e-16,0.0018673069737064,-0.0354495898176925,0.0308149013146599,0.1440070471890441,0.9672286502294272,0,1,B2
C2,lambda_10\seed_4,lambda_sweep,default,1.0,500,0.25,10.0,,4,B2_temporal,2.0,0.319919570493605,1.0,1.69557826248266e-16,1.2736000546546776e-05,0.0028546438743414,0.0041046559336058,-0.0512476294730442,0.9956324941615674,0,1,B2
