seed,E_total,f1,f2,ft,A20,label_corr,L_tot
0,0.2397790863784171,0.0062510097398587,0.5197384058346477,0.44818351205858104,-0.4992442290238452,B3,1.377
1,0.2673907959861444,1.5911648034073106e-05,0.9112083368595744,0.013257343517027093,0.6980669344727515,B1,1.377
2,0.257142822540791,0.0029226944043443,0.8900072382117815,0.04650058997368227,0.6765485545258546,B1,1.374
3,0.2680492003360613,0.0019731187450988,0.0161676063153665,0.9817392035407243,0.0930990219517076,B2,1.372
4,0.2500548814646735,0.0026343496189904,0.343114558411581,0.6372618676384592,-0.414240196582639,B3,1.394
5,0.245288399515157,9.284200662206836e-05,4.163714807669617e-06,0.9976833193414726,-0.0014292032334212,B2,1.373
6,0.2642531223259777,0.0159119688040466,0.8676499494036682,0.009500161977006613,0.6771694148673519,B1,1.376
7,0.2507465025970172,0.0074785370373372,0.9296377314721608,0.009019476863487723,0.682793394591467,B1,1.374
8,0.2509590419958604,0.0002084494104331,0.0340721571474337,0.9625302914286832,0.1307724429415646,B2,1.372
9,0.2648087990449823,0.0029070476375784,0.0002453952882463,0.9962712754214978,-0.0114002483807862,B2,1.371
