config,E_total,f1,f2,ft,A20,reconstruction_rmse,label_corr
BASELINE,0.2533937944412381,2.4787392016892585e-06,0.9219522855494706,0.0125387183980434,0.6835451527575223,1.6262965166217066e-16,B1
NO_LVAR,0.2581905112309985,0.9038979746197836,0.002354390293188,0.0510361358912586,0.0348677855171656,1.4959186601885462e-16,B_first
NO_LRE,0.2533937944412381,2.4787392016892585e-06,0.9219522855494706,0.0125387183980434,0.6835451527575223,1.6262965166217066e-16,B1
NO_LDISS,0.2533004374937261,1.198669276137577e-05,0.9231496084623624,0.012427934319986,0.683862851302333,1.5500624451280748e-16,B1
NO_LVAR_LRE,0.2581905112309985,0.9038979746197836,0.002354390293188,0.0510361358912586,0.0348677855171656,1.4959186601885462e-16,B_first
NO_LVAR_LDISS,0.2577952111935787,0.905359592004435,0.0027927518880312,0.0501076095698293,0.0379462267633102,1.5348245663341012e-16,B_first
LVAR_HALF,0.2545721005995559,0.0019478579756967,0.8929575794467725,0.0149188153855657,0.6742730704188915,1.3536609178419822e-16,B1
LVAR_DOUBLE,0.2598287673099728,0.0006231889354515,0.9277387425296574,0.009833397180181,0.6943388421472403,1.4219666976807532e-16,B1
LDISS_HALF,0.2527882632464762,5.623810047867238e-05,0.9187262344648256,0.0138839605873694,0.6815324045257689,1.4244933509492267e-16,B1
LDISS_DOUBLE,0.2535646438641854,5.042728030763447e-06,0.9219343949096548,0.012436081132499,0.6837689178536999,1.392713210869429e-16,B1
LRE_HALF,0.2533937944412381,2.4787392016892585e-06,0.9219522855494706,0.0125387183980434,0.6835451527575223,1.6262965166217066e-16,B1
LRE_DOUBLE,0.2533937944412381,2.4787392016892585e-06,0.9219522855494706,0.0125387183980434,0.6835451527575223,1.6262965166217066e-16,B1
LCTRL_HALF,0.2596940484711474,0.0004709489547656,0.924633992204428,0.0123830304491502,0.6929963128179071,1.4422268792238688e-16,B1
LCTRL_DOUBLE,0.2490741671381558,1.8033683279608608e-06,0.9223915872149744,0.0128768450277743,0.6778553184283669,1.3385061547780902e-16,B1
