Re,E_star,lambda_var,N,n_B1,n_B2,n_B_first,n_B3,P_B1,P_B2,P_B_first,P_B3,H_N,dominant
500,0.25,0.0,5,0,0,5,0,0.0,0.0,1.0,0.0,-0.0,B_first
500,0.25,0.25,5,3,2,0,0,0.6,0.4,0.0,0.0,0.4854752972273344,B1
500,0.25,0.5,5,2,1,0,2,0.4,0.2,0.0,0.4,0.7609640474436813,B1/B3
500,0.25,1.0,5,2,1,0,2,0.4,0.2,0.0,0.4,0.7609640474436813,B1/B3
500,0.25,2.0,5,2,2,0,1,0.4,0.4,0.0,0.2,0.7609640474436813,B1/B2
500,0.25,5.0,5,2,3,0,0,0.4,0.6,0.0,0.0,0.4854752972273344,B2
700,2.0,0.0,5,0,0,5,0,0.0,0.0,1.0,0.0,-0.0,B_first
700,2.0,0.25,5,0,0,5,0,0.0,0.0,1.0,0.0,-0.0,B_first
700,2.0,0.5,5,0,3,0,2,0.0,0.6,0.0,0.4,0.4854752972273344,B2
700,2.0,1.0,5,1,2,0,2,0.2,0.4,0.0,0.4,0.7609640474436813,B2/B3
700,2.0,2.0,5,3,1,0,1,0.6,0.2,0.0,0.2,0.6854752972273345,B1
700,2.0,5.0,5,3,1,0,1,0.6,0.2,0.0,0.2,0.6854752972273345,B1
1000,1.0,0.0,5,0,0,5,0,0.0,0.0,1.0,0.0,-0.0,B_first
1000,1.0,0.25,5,0,3,0,2,0.0,0.6,0.0,0.4,0.4854752972273344,B2
1000,1.0,0.5,5,2,2,0,1,0.4,0.4,0.0,0.2,0.7609640474436813,B1/B2
1000,1.0,1.0,5,2,2,0,1,0.4,0.4,0.0,0.2,0.7609640474436813,B1/B2
1000,1.0,2.0,5,2,2,0,1,0.4,0.4,0.0,0.2,0.7609640474436813,B1/B2
1000,1.0,5.0,5,2,3,0,0,0.4,0.6,0.0,0.0,0.4854752972273344,B2
