exp,init,tau,lambda_var,seed,E_r,f_2,f_t,A_2,C_3,eps,A_1,branch_id,branch_label,minutes
lambda_sweep,default,1.0,0.0,0,0.2502679291568965,0.0032063013286279,0.0520047098083629,0.0400608136155203,0.9902151811302472,1.5113438696107114e-16,0.6722290465519822,3,B3_mixed,23.3
lambda_sweep,default,1.0,0.0,1,0.2468276285643656,0.0001338358407191,0.0297458065333936,-0.0081282695798835,0.9965715291657264,1.4893306109595615e-16,0.679908248322961,3,B3_mixed,23.3
lambda_sweep,default,1.0,0.0,2,0.2455719982431759,0.0002444693344941,0.047173319603457,0.010957629577688,0.994327586271588,1.5108034347257102e-16,0.668470760998406,3,B3_mixed,23.3
lambda_sweep,default,1.0,0.0,3,0.26022765174569,0.0005034726775119,0.0338957110538654,0.0161874959513237,0.9965310550204896,1.534015496203401e-16,0.6951529447715531,3,B3_mixed,23.2
lambda_sweep,default,1.0,0.0,4,0.2522519046241637,1.3023335150343236e-05,0.0403440473473662,-0.0025632639724511,0.996195615490124,1.4629999844885746e-16,0.6834067815237204,3,B3_mixed,23.2
lambda_sweep,default,1.0,0.0,5,0.2481199289248165,0.002970672012793,0.0443358974108475,0.0383948675912067,0.9925980190773718,1.6332488832180324e-16,0.6710480815943096,3,B3_mixed,23.2
lambda_sweep,default,1.0,0.0,6,0.2511759532896499,0.005166121078936,0.0541636509921936,0.0509432112613943,0.9880100292695416,1.495810573876621e-16,0.6719088040219241,3,B3_mixed,23.2
lambda_sweep,default,1.0,0.0001,0,0.2501397080106587,0.0027701410045061,0.0522998579792957,0.0372269327776413,0.9906890402339104,1.739976724220296e-16,0.6712914562612746,3,B3_mixed,23.2
lambda_sweep,default,1.0,0.0001,1,0.2469514030664222,9.124711445667514e-05,0.0313048960784293,-0.006713211294282,0.9964126537323764,1.6705207669531846e-16,0.6789661710023178,3,B3_mixed,23.2
lambda_sweep,default,1.0,0.0001,2,0.2456862050952299,0.0002768517681231,0.0466643375210832,0.0116635037860914,0.9943029261495488,1.4949907560131207e-16,0.6687933911760623,3,B3_mixed,23.2
lambda_sweep,default,1.0,0.0001,3,0.2599881886182851,0.0007605887324043,0.0322491405381707,0.0198868844629455,0.9964244544520944,1.507104275813059e-16,0.6959375523975415,3,B3_mixed,23.2
lambda_sweep,default,1.0,0.0001,4,0.2521351771309376,4.10247466501409e-05,0.0378533429404546,-0.0045483583331538,0.9966585406822018,1.5006121907357602e-16,0.6851113278670318,3,B3_mixed,23.2
lambda_sweep,default,1.0,0.0001,5,0.2480647233114692,0.0036021975279268,0.0443735222615625,0.0422747710361259,0.9919147697436153,1.571191036422786e-16,0.6700539295156777,3,B3_mixed,23.2
lambda_sweep,default,1.0,0.0001,6,0.2509909779857857,0.0052101005172236,0.0563235063394685,0.0511407513480631,0.987522151664965,1.679223508959976e-16,0.6706408944361094,3,B3_mixed,23.2
lambda_sweep,default,1.0,0.001,0,0.2506825881507758,0.0036817278838823,0.0590805329063087,0.0429638237310996,0.988058321513926,1.4569774182812768e-16,0.6680089281026844,3,B3_mixed,23.2
lambda_sweep,default,1.0,0.001,1,0.2468606330321683,0.0002430070211383,0.0337490512834093,-0.0109534348100933,0.9957419693290642,1.756274260001336e-16,0.6767178225002355,3,B3_mixed,23.2
lambda_sweep,default,1.0,0.001,2,0.2452192024383942,0.0005278927081153,0.0490291307338816,0.0160903342946681,0.993610046646168,1.464109308604561e-16,0.6656996863858305,3,B3_mixed,23.2
lambda_sweep,default,1.0,0.001,3,0.2602319864663716,0.0007378877800364,0.0340830201118978,0.0195970407351793,0.996253209185804,1.5746746609655328e-16,0.6949018346675875,3,B3_mixed,23.2
lambda_sweep,default,1.0,0.001,4,0.2523741189252466,0.0002997318833068,0.0415522448313487,-0.0122999650376218,0.995392007833282,1.7952201162078478e-16,0.6822296520940558,3,B3_mixed,23.2
lambda_sweep,default,1.0,0.001,5,0.2480375510160981,0.003357751848339,0.0467957889441731,0.0408129524877039,0.9917927284457052,1.6764027354045128e-16,0.6682088652762558,3,B3_mixed,23.2
lambda_sweep,default,1.0,0.001,6,0.2509295447586805,0.0051229984812934,0.0591252704095313,0.0507052596228512,0.9869607218238824,1.5090290005007444e-16,0.668515628642324,3,B3_mixed,23.2
lambda_sweep,default,1.0,0.01,0,0.2522648396489699,0.0024603045861989,0.1053759869279437,0.0352320405859522,0.9744081654170744,1.4170589920694735e-16,0.6353291164607371,3,B3_mixed,23.2
lambda_sweep,default,1.0,0.01,1,0.2467385912906374,0.0022931109043336,0.0549828869057528,-0.03363923168589,0.9881798865857436,1.4482232682232167e-16,0.653228641088119,3,B3_mixed,23.2
lambda_sweep,default,1.0,0.01,2,0.2414135536097231,0.0026382356091587,0.0799513086506435,0.0356904982780216,0.9824977496899536,1.4464681723298754e-16,0.6344440476395504,3,B3_mixed,23.2
lambda_sweep,default,1.0,0.01,3,0.2625360194980737,0.0071809460936966,0.0621731599873544,0.0614045112946821,0.984143800579492,1.5847847857868228e-16,0.6737740930950651,3,B3_mixed,23.2
lambda_sweep,default,1.0,0.01,4,0.2539230927154428,0.0033310017711707,0.0692738484339069,-0.0411295093959629,0.9834006609297332,1.5106008112056259e-16,0.6600917277451461,3,B3_mixed,23.2
lambda_sweep,default,1.0,0.01,5,0.2454923976869516,0.0064113920136215,0.0771433805597051,0.0561061137120531,0.9803893076422192,1.4913796951447104e-16,0.6385136374174745,3,B3_mixed,23.2
lambda_sweep,default,1.0,0.01,6,0.2496076614621973,0.0075518165098151,0.0947576647091604,0.0614001833679112,0.9716099967908568,1.4854942185682321e-16,0.6363063117067487,3,B3_mixed,23.2
lambda_sweep,default,1.0,0.1,0,0.2557679892746058,0.6002207197752641,0.1083658236138934,-0.5541069330334641,0.8259002438040036,1.5561639527925191e-16,0.2169589546775442,1,B1_Mode2,23.2
lambda_sweep,default,1.0,0.1,1,0.2486590562891669,0.9057495193867624,0.0321056245680616,-0.6711524725799329,0.9733877245331763,1.481595108575328e-16,0.0403634481218407,1,B1_Mode2,23.2
lambda_sweep,default,1.0,0.1,2,0.2622087812593983,0.9015596319531388,0.0151685999605353,0.6875999597543679,0.98716291514932,1.4763971007274606e-16,0.0397046270603455,1,B1_Mode2,23.2
lambda_sweep,default,1.0,0.1,3,0.2404649692249775,0.9132257121389584,0.0152928076661942,0.662719839396638,0.9818512688436208,1.466836840171435e-16,0.0294551437870091,1,B1_Mode2,23.3
lambda_sweep,default,1.0,0.1,4,0.2462939298699395,0.8367279215828638,0.0268208246413036,0.641998454886848,0.9455101723513988,1.6374384120038486e-16,-0.0592881180237353,1,B1_Mode2,23.2
lambda_sweep,default,1.0,0.1,5,0.2609905336991549,0.8835130007759548,0.0255575743964763,0.6791001834820225,0.9813211918001724,1.4758439228428083e-16,0.0189570469933055,1,B1_Mode2,23.3
lambda_sweep,default,1.0,0.1,6,0.2572051529857252,0.8536414644212639,0.0190711846341936,0.6626627852104413,0.9535764332095183,1.4816446870216846e-16,-0.0793787695604086,1,B1_Mode2,23.3
lambda_sweep,default,1.0,1.0,0,0.2400456172272344,0.5095100285303774,0.4523078537561126,-0.4945819432248619,0.9366726828998636,1.595468698056501e-16,0.0495332775795341,3,B3_mixed,23.2
lambda_sweep,default,1.0,1.0,1,0.267107185910431,0.9108764919030198,0.012506321562187,0.6975695756900255,0.9864132526215904,1.5971179479559348e-16,0.0013580548111702,1,B1_Mode2,23.2
lambda_sweep,default,1.0,1.0,2,0.2573668232329402,0.8938169795857813,0.043549443927801,0.6782902573200567,0.9654753950287444,1.5330697379853624e-16,0.038326130789422,1,B1_Mode2,23.3
lambda_sweep,default,1.0,1.0,3,0.2679149954965575,0.0204596948166096,0.9775970679627246,0.1047039545065316,0.990744646205414,1.6181667090882911e-16,-0.0305040046725854,2,B2_temporal,23.3
lambda_sweep,default,1.0,1.0,4,0.2503313728945039,0.5015278719525549,0.4711693642379823,-0.5010951221689192,0.9488208805299868,1.566486275562653e-16,0.0402051184810768,3,B3_mixed,23.3
lambda_sweep,default,1.0,1.0,5,0.2450568972570938,3.955360327279286e-05,0.9980349069868836,0.0044029270476283,0.990527604738844,1.780587247447773e-16,0.0069565018270187,2,B2_temporal,23.3
lambda_sweep,default,1.0,1.0,6,0.2647335363480679,0.8695219480813781,0.0090403311703929,0.6785154681329592,0.9632363202523034,1.483620075631015e-16,-0.0909772438032242,1,B1_Mode2,23.3
lambda_sweep,default,1.0,10.0,0,0.2918253587192291,0.257861324816016,0.7252921400865943,-0.3879445156571994,0.952841432458106,1.7543762724369582e-16,0.0520108419208597,2,B2_temporal,23.3
lambda_sweep,default,1.0,10.0,1,0.3382364240441505,0.9175129007064556,0.0155868762099962,0.7878277509066653,0.9887272309665788,1.7757997871302495e-16,0.0033053843979587,1,B1_Mode2,23.3
lambda_sweep,default,1.0,10.0,2,0.3228066587253149,0.8838908425311466,0.0688938883542257,0.7554149185121815,0.9623973093910644,1.5131228300134282e-16,0.0352979371574889,1,B1_Mode2,23.3
lambda_sweep,default,1.0,10.0,3,0.3364935267574847,0.0308149013146599,0.9672286502294276,0.144007047189044,0.990946081369984,1.9506541027912423e-16,-0.035449589817692,2,B2_temporal,23.2
lambda_sweep,default,1.0,10.0,4,0.3199195704936051,0.0041046559336058,0.9956324941615674,-0.0512476294730443,0.9852585364670636,1.833188018435741e-16,0.0028546438743414,2,B2_temporal,23.3
lambda_sweep,default,1.0,10.0,5,0.3093398056724589,0.0008767411981014,0.997286192144942,0.0232899528486319,0.9888808649797228,2.139469591065568e-16,0.010568925736102,2,B2_temporal,23.3
lambda_sweep,default,1.0,10.0,6,0.32715331717420454,0.917757484424189,0.011717709637628783,0.774916002403908,0.9771257908476841,1.6097552556438087e-16,-0.07586628076417196,1,B1_Mode2,23.3
