A2,E_star,U0_uniform,eps_B1,eps_uniform,ratio_B1_over_uniform,control_B1,control_UN,tokens
0.450000,0.101250,0.318198,3.494534e-03,2.905520e-03,1.202722,B1sweep_0p45,UNem_0p318198,B1=reused+U=226s
0.550000,0.151250,0.388909,5.600547e-03,4.479330e-03,1.250309,B1sweep_0p55,UNem_0p388909,B1=reused+U=221s
0.600000,0.180000,0.424264,6.874944e-03,5.409628e-03,1.270872,B1sweep_0p6,UNem_0p424264,B1=reused+U=212s
0.648550,0.210309,0.458594,8.258456e-03,6.407182e-03,1.288937,B1sweep_0p64855,UNem_0p458594,B1=reused+U=209s
0.683550,0.233620,0.483343,9.346978e-03,7.184984e-03,1.300904,B1sweep_0p68355,UNem_0p483343,B1=reused+U=206s
0.707107,0.250000,0.500000,1.012329e-02,7.736541e-03,1.308504,B1sweep_0p707107,uniform_E025,B1=reused+U=reused
0.750000,0.281250,0.530330,1.162843e-02,8.799538e-03,1.321482,B1sweep_0p75,UNem_0p53033,B1=reused+U=209s
0.850000,0.361250,0.601041,1.560725e-02,1.157773e-02,1.348041,B1sweep_0p85,UNem_0p601041,B1=reused+U=205s
1.000000,0.500000,0.707107,2.285640e-02,1.655639e-02,1.380518,B1sweep_1p0,UNem_0p707107,B1=reused+U=186s
