relative_path,size_bytes,sha256
fenetres_B2_Re500_N256.npz,21303,47EB5DBD6BFE6D8783BE218A742999A3E1EB2A8750C6356EFD687E210C4C358A
fields_B1em_0p658_Re500_N256.npz,3218224,B42FBFCA47706A93E58003D4148CC4F1D29A2C01B530F679911795B8C5C65BA1
fields_B1em_0p65_Re500_N256.npz,3218844,5478EAB9EE8866BD07C37CD5371940FD8F210A19814CDDBD235F4DAB439DE9C1
fields_B1em_0p666_Re500_N256.npz,3219696,394A2FB7485BC6E17539F5DF5296B924155F2DD5A60B7CE7B25BE2E0AA512204
fields_B1em_0p707107_Re500_N256.npz,3215977,CB26AEA62C07548D2E68EF5108D71E438F232193E5B16B715F26F2491B03DA20
fields_B1em_0p707107_Re500_N512.npz,13040223,7C739104344B2F59F941F1B307C9D7FCED36C84916ED6BBCF3ECA3F85E843AF0
fields_B1sweep_0p45_Re500_N128.npz,796256,66F744C41797DA258AE7D67F2329829D8CB0C2F53049046262D8C78A9CB9D0FE
fields_B1sweep_0p55_Re500_N128.npz,796193,16131DB28C1A0911AC9E5F89E86CE37A5EF6C6620013422A488929397FA124DC
fields_B1sweep_0p63024_Re500_N256.npz,3220882,4546887E60D32859A4FB3881896ACB0B387B1709330132BF8DE8FC6C3A484B08
fields_B1sweep_0p64855_Re500_N128.npz,794990,D0054F1B3EC7F79560B25E696FED8051056557B6B4A204B2A989D51E55E0A2CD
fields_B1sweep_0p64855_Re500_N256.npz,3219790,41CDB3A15EDFFB0C9D1A4077AFAFC12C5AC327BE2CB716F2F84AC0AF66BAA390
fields_B1sweep_0p68355_Re500_N128.npz,794946,30C66B620806A103C38447754F7D5F403E1DC5D0B6D9AB0333AD45DC6B5CEF17
fields_B1sweep_0p68355_Re500_N256.npz,3218860,8E9BD68CB22E18ECEBE896ECEB982EA4D5FDE336767F7A38D82618F7B4743754
fields_B1sweep_0p6_Re500_N128.npz,796246,FC6FEC8575C38D58FBCD72064EAB14B4D3B736D562141D44225876A67C297295
fields_B1sweep_0p6_Re500_N256.npz,3221425,5BACF7E991E08E673A15D4DBCBFEC9480A16927B376182733923B38979E99714
fields_B1sweep_0p707107_Re500_N128.npz,794539,C51EFFEE7BF9FEA6614B3ABBA3D691EF5EBE96CC2765E45BEAB2ACA934096205
fields_B1sweep_0p70711_Re500_N256.npz,3214349,F7F88F316115253E8338A8C76157F2DEA33A782C280298D585B467FEA3DA8C8C
fields_B1sweep_0p75_Re500_N128.npz,794104,844453F2B6587A8CC6575E0CA7539D60875454FED38A417BA416F858B4A3DCE8
fields_B1sweep_0p85_Re500_N128.npz,791085,E1AA4F330E20622B384C90439EFC635917D58E5076364D0C6C52D8FFBA8FEDBB
fields_B1sweep_1p0_Re500_N128.npz,787210,29EACEAED4F3CE7E7EA34BC1A74578531E609B837B7E797B71DF80C48BE47C6D
fields_B1_E025_Re500_N128.npz,794528,EB4C49F412F135F843CABBCBFFAEEBF7DA49E08B7524257DD0BDF0D692B4A447
fields_B1_E025_Re500_N256.npz,3216408,B36F18428FCC0B0BAD15BD133128E9C243982DBD25D5B3CCC345468267F445FB
fields_B2_seed5_E025_Re500_N128.npz,1007049,E6F0C007BF3DCE96F3E2C76FCB9DE9E16FD694A88D1E798930FE1DCF43C707F0
fields_B2_seed5_E025_Re500_N256.npz,4010696,4374C9D5CD989D242F845F960FC11EAD16E655ACE5480C02E3F83459ECCB2694
fields_B3_seed0_E025_Re500_N128.npz,1007047,4D9ABEF2BBCF0A9DE3977F79170D34C8900F8AF003F65E1548D098DA36E2A447
fields_B3_seed0_E025_Re500_N256.npz,4009738,CB95ED97E3787B5499F66503BACC00B58064A02D62361643A5C578DFBE23473F
fields_S1em_0p658_Re500_N256.npz,3996583,CE97B38A40FEB1A9F830ED01D27E63D3877540ADAB34A03B5EE5D0B658064768
fields_S1em_0p6_Re500_N256.npz,3996803,0EE697C309505E0532A14DCD351850C479EC70D9A2ACE538707801D0E8103195
fields_S1em_0p707107_Re500_N256.npz,3996735,08CAA8B125797D21D0F9C838D0A348E3686B0622F828DB8C9C91DCD390FB7EB4
fields_S1em_0p707107_Re500_N512.npz,15952846,819E14C24707DA0AC8BCBB48594DC2A9AE95573508EDC6DCBDB9E955702EED5B
fields_UNem_0p318198_Re500_N128.npz,1003044,B62B204D635F8F8A0BD705006D999501EFE05B6403ECE74103234B1D5AF6A9DA
fields_UNem_0p388909_Re500_N128.npz,1003008,63800069D02A4C39E80E7EA084D7CAE268E7516D894BA6B3F7FAD5DACD1CBBEB
fields_UNem_0p424264_Re500_N128.npz,1002855,72BE71EA22400B39AC03B2D89BC8234EF7D1A16110994C3026CC89C5659FBC83
fields_UNem_0p424264_Re500_N256.npz,3995087,532C5F78FD6A17D588BBB515E58E92C302DF0A8C43FA8D53F34BCBA76EDF375B
fields_UNem_0p445647_Re500_N256.npz,3995008,8A5407E1CDD1DD57B0D623ED041E00F1E447953AEAC9DC669C27991CA64DBAD1
fields_UNem_0p458594_Re500_N128.npz,1002837,7FDDA43F5313A003AA52DEFC669B6172FA99C6F4B12E3DBF276DD7D55A614217
fields_UNem_0p458594_Re500_N256.npz,3995048,6F7B25DF8CC35AED92625F7EDE7BBE0E3AA1B3527FC583A926C4ECABF9184FC2
fields_UNem_0p459619_Re500_N256.npz,3995177,06D2C8B3BD1F1CE2AF4DBEB7C04945C73AA467CD8C920280850A9C747EFA2B21
fields_UNem_0p465276_Re500_N256.npz,3995153,CA069B37DD358DECD4EF68364F406D562459D94091D4C4ACDB6708D9073F73DD
fields_UNem_0p470933_Re500_N256.npz,3995025,0966DA3210B3A7B33D76E67AE32BBE29FBA94BC3703C6FB9BBCFE6FA585C7696
fields_UNem_0p483343_Re500_N128.npz,1002929,5CC47AC985063B1B48D1F3D6A60A6E5DF78B3E22DB73DE6D06618C0D368498DC
fields_UNem_0p483343_Re500_N256.npz,3995060,10ED32942BD5BFB4EC7440F1D248096FAC85132644C0058664A9B9E598643CAC
fields_UNem_0p53033_Re500_N128.npz,1002783,5F5DD4B76FE11D96319D8AA532EBBFA957C3F279F481626B75CDCCBFD993A638
fields_UNem_0p5_Re500_N512.npz,15946918,DADF9B12C8E33E4A5E7B7D2C8DD9A0A31B86963EE3E15DA3A289C343D6C72C01
fields_UNem_0p601041_Re500_N128.npz,1002902,7E83805D2A8074E5B3712CDB9DA9F7047703C2E08BAE4C7C7E832A71F3C8096F
fields_UNem_0p707107_Re500_N128.npz,1002811,F8D806E4800678E54D1A0840FE67D8F1A4F140FC1BA84241A53F04084129938B
fields_uniform_E025_Re500_N128.npz,1002792,ADFCD492B800A4F9C575584E172452CB52E0F4A7675F877513D0232F287F1182
fields_uniform_E025_Re500_N256.npz,3994349,6AB70B2EACDFE5BD88F26E9916A59F09CB024CC77F9C915C5A2CF3F12D83DC8B
backup_k1_N256_pre_2026-09-20/fields_S1em_0p707107_Re500_N256.npz,3996644,91A10EEE3D050261E2CFF535128DD20F9197D4AB5493C27CBAB54301A4E14AAB
_v0_archive/fields_pinn_mean_Re500_N128.npz,1005543,ED00D527242400B0A6326B4477AC33B0C5D65A0E85CCC28EB050B910DA110250
_v0_archive/fields_sin_2pi_Re500_N128.npz,794953,E4892471701F2573CEDA7E95E3315DD6E87616F3D44064088BCE8BEE87027882
_v0_archive/fields_uniform_Re500_N128.npz,1001351,C78F8D73F70BA413529EE77886692549ACE8AFB710AC67501EDFF82AE2809A6E
