seed,A2,A10,A30,E_x_t,E_mean_temporal
0,-0.4986,0.057142,-0.004203,0.239779,0.131619
1,0.698432,0.002947,0.070016,0.267391,0.263032
2,0.67656,0.039429,-0.057174,0.257143,0.244221
3,0.093226,-0.028762,-0.000372,0.268049,0.004773
4,-0.414526,0.039687,-0.057702,0.250055,0.090654
5,-0.001561,0.009967,0.031118,0.245288,0.000584
6,0.677239,-0.091817,0.178401,0.264253,0.260749
7,0.682785,-0.061399,0.072041,0.250747,0.247461
8,0.13107,-0.00695,-0.030815,0.250959,0.009387
9,-0.011959,-0.035443,-0.008756,0.264809,0.000853
10,0.085913,-0.055096,0.033064,0.293412,0.005816
11,0.681879,0.075688,-0.076487,0.266804,0.261882
12,0.599379,-0.014934,-0.045571,0.238066,0.182488
13,0.673401,-0.014766,0.120498,0.255701,0.242029
14,0.097111,0.027783,0.041838,0.249764,0.006172
mean,0.278023,-0.003768,0.017726,0.040621,0.040463
