A2,E,eps,eps_over_eps_uniform,eps_xx,eps_yy,eps_xy,frac_xy,K,Z,P_lid,P_lid_balance,iters,resid,time_s
0.45,0.10125,3.494534e-03,4.516920e-01,5.189193e-04,5.133331e-04,2.462281e-03,7.046094e-01,3.939037e-03,1.782802e+00,3.386076e-03,9.689635e-01,130000,8.278595e-09,1.397000e+02
0.55,0.15125000000000002,5.600547e-03,7.239084e-01,7.476130e-04,7.385963e-04,4.114338e-03,7.346314e-01,6.115694e-03,2.852628e+00,5.401425e-03,9.644459e-01,126000,6.457703e-09,1.270000e+02
0.6,0.18,6.874944e-03,8.886329e-01,8.768298e-04,8.657180e-04,5.132397e-03,7.465365e-01,7.363236e-03,3.499372e+00,6.617238e-03,9.625152e-01,118000,6.694331e-09,1.267000e+02
0.64855,0.21030855124999998,8.258456e-03,1.067461e+00,1.012565e-03,9.991677e-04,6.246724e-03,7.564033e-01,8.671095e-03,4.201110e+00,7.934804e-03,9.608096e-01,112000,5.309843e-09,1.136000e+02
0.68355,0.23362030125,9.346978e-03,1.208160e+00,1.116947e-03,1.101747e-03,7.128284e-03,7.626298e-01,9.671477e-03,4.752998e+00,8.970003e-03,9.596688e-01,106000,7.046945e-09,1.148000e+02
0.7071067811865476,0.25000000000000006,1.012329e-02,1.308504e+00,1.190361e-03,1.173872e-03,7.759060e-03,7.664561e-01,1.037153e-02,5.146492e+00,9.707605e-03,9.589375e-01,104000,8.306393e-09,1.045000e+02
0.75,0.28125,1.162843e-02,1.503053e+00,1.330679e-03,1.311689e-03,8.986060e-03,7.727665e-01,1.170085e-02,5.909189e+00,1.113623e-02,9.576732e-01,104000,7.803039e-09,1.108000e+02
0.85,0.36124999999999996,1.560725e-02,2.017342e+00,1.691746e-03,1.666124e-03,1.224937e-02,7.848518e-01,1.507005e-02,7.924268e+00,1.490506e-02,9.550089e-01,92000,4.637047e-09,9.240000e+01
1.0,0.5,2.285640e-02,2.954343e+00,2.323619e-03,2.285887e-03,1.824689e-02,7.983275e-01,2.081915e-02,1.159262e+01,2.174927e-02,9.515615e-01,90000,5.264912e-09,9.580000e+01
